simroute,1532476339000,-122.03633,37.368900000000004,0,7.27027027027027,0,1,
simroute,1532476341000,-122.03616950138053,37.36887187197607,0,7.27027027027027,0,1,
simroute,1532476343000,-122.03600900282117,37.368843743952134,0,7.27027027027027,0,1,
simroute,1532476345000,-122.03584850432202,37.368815615928206,0,7.27027027027027,0,1,
simroute,1532476347000,-122.03568800588306,37.36878748790427,0,7.27027027027027,0,1,
simroute,1532476349000,-122.03552750750424,37.36875935988034,0,7.27027027027027,0,1,
simroute,1532476351000,-122.03536700918562,37.36873123185641,0,7.27027027027027,0,1,
simroute,1532476353000,-122.03536000000001,37.368730000000006,0,7.27027027027027,0,1,
simroute,1532476355000,-122.0352008976455,37.36869724377032,0,7.27027027027027,0,1,
simroute,1532476357000,-122.03504179536048,37.36866448754064,0,7.27027027027027,0,1,
simroute,1532476359000,-122.03502,37.368660000000006,0,7.27027027027027,0,1,
simroute,1532476361000,-122.0348614696714,37.368625536939916,0,7.27027027027027,0,1,
simroute,1532476363000,-122.03479000000002,37.368610000000004,0,7.27027027027027,0,1,
simroute,1532476365000,-122.03463198032125,37.368574086484614,0,7.27027027027027,0,1,
simroute,1532476367000,-122.03457000000002,37.36856,0,7.27027027027027,0,1,
simroute,1532476369000,-122.03441443111677,37.36851786702259,0,7.27027027027027,0,1,
simroute,1532476371000,-122.03425886232094,37.368475734045184,0,7.27027027027027,0,1,
simroute,1532476373000,-122.03410329361242,37.36843360106778,0,7.27027027027027,0,1,
simroute,1532476375000,-122.03409,37.368430000000004,0,7.27027027027027,0,1,
simroute,1532476377000,-122.03393911963457,37.36837820570042,0,7.27027027027027,0,1,
simroute,1532476379000,-122.03378823937328,37.36832641140083,0,7.27027027027027,0,1,
simroute,1532476381000,-122.03363735921619,37.36827461710126,0,7.27027027027027,0,1,
simroute,1532476383000,-122.03348647916323,37.36822282280166,0,7.27027027027027,0,1,
simroute,1532476385000,-122.03342,37.3682,0,3.1923076923076925,0,1,
simroute,1532476387000,-122.0333480097583,37.36819600057518,0,3.1923076923076925,0,1,
simroute,1532476389000,-122.03327601952043,37.36819200115036,0,3.1923076923076925,0,1,
simroute,1532476391000,-122.03324,37.368190000000006,0,3.1923076923076925,0,1,
simroute,1532476393000,-122.03316783409542,37.36819000000543,0,3.1923076923076925,0,1,
simroute,1532476395000,-122.03315,37.368190000000006,0,3.1923076923076925,0,1,
simroute,1532476397000,-122.03309327377883,37.368225453900685,0,3.1923076923076925,0,1,
simroute,1532476399000,-122.03307000000001,37.36824,0,3.1923076923076925,0,1,
simroute,1532476401000,-122.0330209333095,37.36828205717768,0,3.1923076923076925,0,1,
simroute,1532476403000,-122.03300000000002,37.368300000000005,0,3.1923076923076925,0,1,
simroute,1532476405000,-122.03297617878508,37.36835413927481,0,3.1923076923076925,0,1,
simroute,1532476407000,-122.03295235755297,37.368408278549616,0,3.1923076923076925,0,1,
simroute,1532476409000,-122.03292853630364,37.36846241782442,0,3.1923076923076925,0,1,
simroute,1532476411000,-122.03290471503715,37.36851655709922,0,3.1923076923076925,0,1,
simroute,1532476413000,-122.03289000000001,37.368550000000006,0,3.1923076923076925,0,1,
simroute,1532476415000,-122.03287128661447,37.36860539214493,0,3.1923076923076925,0,1,
simroute,1532476417000,-122.03285257321511,37.36866078428985,0,3.1923076923076925,0,1,
simroute,1532476419000,-122.03283385980194,37.36871617643477,0,3.1923076923076925,0,1,
simroute,1532476421000,-122.03281514637496,37.3687715685797,0,3.1923076923076925,0,1,
simroute,1532476423000,-122.0327964329341,37.368826960724626,0,3.1923076923076925,0,1,
simroute,1532476425000,-122.03277771947944,37.36888235286955,0,3.1923076923076925,0,1,
simroute,1532476427000,-122.03275900601096,37.36893774501447,0,3.1923076923076925,0,1,
simroute,1532476429000,-122.03274029252867,37.368993137159386,0,3.1923076923076925,0,1,
simroute,1532476431000,-122.03272157903257,37.3690485293043,0,3.1923076923076925,0,1,
simroute,1532476433000,-122.03270286552265,37.36910392144923,0,3.1923076923076925,0,1,
simroute,1532476435000,-122.03268415199892,37.36915931359415,0,3.1923076923076925,0,1,
simroute,1532476437000,-122.03266543846138,37.369214705739076,0,3.1923076923076925,0,1,
simroute,1532476439000,-122.03264672491002,37.36927009788399,0,3.1923076923076925,0,1,
simroute,1532476441000,-122.03264000000001,37.36929000000001,0,3.1923076923076925,0,1,
simroute,1532476443000,-122.03262092610879,37.36934531446412,0,3.1923076923076925,0,1,
simroute,1532476445000,-122.03260185220347,37.36940062892823,0,3.1923076923076925,0,1,
simroute,1532476447000,-122.03258277828411,37.36945594339234,0,3.1923076923076925,0,1,
simroute,1532476449000,-122.03256370435065,37.36951125785645,0,3.1923076923076925,0,1,
simroute,1532476451000,-122.03254463040315,37.36956657232056,0,3.1923076923076925,0,1,
simroute,1532476453000,-122.03254000000001,37.369580000000006,0,3.1923076923076925,0,1,
simroute,1532476455000,-122.03252207834714,37.369635557318496,0,3.1923076923076925,0,1,
simroute,1532476457000,-122.032504156681,37.369691114636964,0,3.1923076923076925,0,1,
simroute,1532476459000,-122.03248623500156,37.36974667195544,0,3.1923076923076925,0,1,
simroute,1532476461000,-122.03246831330887,37.369802229273915,0,3.1923076923076925,0,1,
simroute,1532476463000,-122.03245039160288,37.36985778659239,0,3.1923076923076925,0,1,
simroute,1532476465000,-122.03244000000001,37.369890000000005,0,3.1923076923076925,0,1,
simroute,1532476467000,-122.03242133218237,37.36994540192667,0,3.1923076923076925,0,1,
simroute,1532476469000,-122.03240266435091,37.370000803853344,0,3.1923076923076925,0,1,
simroute,1532476471000,-122.0323839965057,37.37005620578002,0,3.1923076923076925,0,1,
simroute,1532476473000,-122.03236532864668,37.3701116077067,0,3.1923076923076925,0,1,
simroute,1532476475000,-122.0323466607739,37.37016700963337,0,3.1923076923076925,0,1,
simroute,1532476477000,-122.0323279928873,37.37022241156005,0,3.1923076923076925,0,1,
simroute,1532476479000,-122.03230932498695,37.37027781348672,0,3.1923076923076925,0,1,
simroute,1532476481000,-122.03229065707279,37.3703332154134,0,3.1923076923076925,0,1,
simroute,1532476483000,-122.03227198914487,37.37038861734008,0,3.1923076923076925,0,1,
simroute,1532476485000,-122.03225332120314,37.370444019266756,0,3.1923076923076925,0,1,
simroute,1532476487000,-122.03223465324766,37.37049942119342,0,3.1923076923076925,0,1,
simroute,1532476489000,-122.03221598527836,37.370554823120095,0,3.1923076923076925,0,1,
simroute,1532476491000,-122.0321973172953,37.370610225046775,0,3.1923076923076925,0,1,
simroute,1532476493000,-122.03217864929843,37.37066562697344,0,3.1923076923076925,0,1,
simroute,1532476495000,-122.03215998128775,37.370721028900114,0,3.1923076923076925,0,1,
simroute,1532476497000,-122.03214131326331,37.37077643082679,0,3.1923076923076925,0,1,
simroute,1532476499000,-122.03213000000001,37.370810000000006,0,5.243243243243243,0,1,
simroute,1532476501000,-122.03209823535946,37.37090075625309,0,5.243243243243243,0,1,
simroute,1532476503000,-122.03206647068049,37.37099151250618,0,5.243243243243243,0,1,
simroute,1532476505000,-122.03206000000002,37.371010000000005,0,5.243243243243243,0,1,
simroute,1532476507000,-122.03216587920002,37.37096764838321,0,5.243243243243243,0,1,
simroute,1532476509000,-122.03226000000001,37.37093,0,5.243243243243243,0,1,
simroute,1532476511000,-122.03237601036915,37.370910664940595,0,5.243243243243243,0,1,
simroute,1532476513000,-122.03238,37.37091,0,5.243243243243243,0,1,
simroute,1532476515000,-122.03249544127505,37.37093137838808,0,5.243243243243243,0,1,
simroute,1532476517000,-122.03261088258301,37.37095275677616,0,5.243243243243243,0,1,
simroute,1532476519000,-122.0327263239239,37.370974135164246,0,5.243243243243243,0,1,
simroute,1532476521000,-122.03284176529769,37.37099551355232,0,5.243243243243243,0,1,
simroute,1532476523000,-122.03295720670434,37.37101689194041,0,5.243243243243243,0,1,
simroute,1532476525000,-122.0330726481439,37.37103827032849,0,5.243243243243243,0,1,
simroute,1532476527000,-122.03318808961637,37.37105964871657,0,5.243243243243243,0,1,
simroute,1532476529000,-122.03319,37.37106,0,5.243243243243243,0,1,
simroute,1532476531000,-122.0333044225572,37.37108459603056,0,5.243243243243243,0,1,
simroute,1532476533000,-122.03341884515191,37.37110919206112,0,5.243243243243243,0,1,
simroute,1532476535000,-122.03353326778415,37.371133788091676,0,5.243243243243243,0,1,
simroute,1532476537000,-122.0336476904539,37.37115838412224,0,5.243243243243243,0,1,
simroute,1532476539000,-122.03376211316117,37.371182980152795,0,5.243243243243243,0,1,
simroute,1532476541000,-122.03387653590596,37.37120757618336,0,5.243243243243243,0,1,
simroute,1532476543000,-122.03399095868826,37.37123217221392,0,5.243243243243243,0,1,
simroute,1532476545000,-122.03410538150803,37.37125676824448,0,5.243243243243243,0,1,
simroute,1532476547000,-122.03421980436536,37.37128136427504,0,5.243243243243243,0,1,
simroute,1532476549000,-122.03426,37.37129,0,5.243243243243243,0,1,
simroute,1532476551000,-122.03437456495942,37.37131417479424,0,5.243243243243243,0,1,
simroute,1532476553000,-122.03448912995577,37.37133834958848,0,5.243243243243243,0,1,
simroute,1532476555000,-122.03460369498902,37.37136252438271,0,5.243243243243243,0,1,
simroute,1532476557000,-122.03471826005921,37.371386699176945,0,5.243243243243243,0,1,
simroute,1532476559000,-122.03483282516629,37.37141087397117,0,5.243243243243243,0,1,
simroute,1532476561000,-122.03494739031026,37.37143504876541,0,5.243243243243243,0,1,
simroute,1532476563000,-122.03506195549119,37.37145922355965,0,5.243243243243243,0,1,
simroute,1532476565000,-122.035176520709,37.37148339835388,0,5.243243243243243,0,1,
simroute,1532476567000,-122.03529108596376,37.371507573148115,0,5.243243243243243,0,1,
simroute,1532476569000,-122.03535000000001,37.371520000000004,0,5.243243243243243,0,1,
simroute,1532476571000,-122.03546626253899,37.37153835728194,0,5.243243243243243,0,1,
simroute,1532476573000,-122.03554000000001,37.371550000000006,0,5.243243243243243,0,1,
simroute,1532476575000,-122.03565495074145,37.37157299035822,0,5.243243243243243,0,1,
simroute,1532476577000,-122.03576990151811,37.37159598071643,0,5.243243243243243,0,1,
simroute,1532476579000,-122.03588485233001,37.37161897107464,0,5.243243243243243,0,1,
simroute,1532476581000,-122.0359998031771,37.37164196143286,0,5.243243243243243,0,1,
simroute,1532476583000,-122.03604000000001,37.37165,0,8.836565096952908,0,1,
simroute,1532476585000,-122.03598422668745,37.371802447599904,0,8.836565096952908,0,1,
simroute,1532476587000,-122.03592845326148,37.371954895199806,0,8.836565096952908,0,1,
simroute,1532476589000,-122.03589000000001,37.372060000000005,0,8.836565096952908,0,1,
simroute,1532476591000,-122.03584453130696,37.3722145935889,0,8.836565096952908,0,1,
simroute,1532476593000,-122.03584000000001,37.37223,0,8.836565096952908,0,1,
simroute,1532476595000,-122.03577948024872,37.37238130001111,0,8.836565096952908,0,1,
simroute,1532476597000,-122.03571896037533,37.37253260002222,0,8.836565096952908,0,1,
simroute,1532476599000,-122.03566000000001,37.37268,0,8.836565096952908,0,1,
simroute,1532476601000,-122.03560294456759,37.372832147836526,0,8.836565096952908,0,1,
simroute,1532476603000,-122.03560000000002,37.372840000000004,0,8.836565096952908,0,1,
simroute,1532476605000,-122.0355512462557,37.372993960137066,0,8.836565096952908,0,1,
simroute,1532476607000,-122.0355024924113,37.37314792027413,0,8.836565096952908,0,1,
simroute,1532476609000,-122.0354537384668,37.37330188041119,0,8.836565096952908,0,1,
simroute,1532476611000,-122.03541000000001,37.37344,0,8.836565096952908,0,1,
simroute,1532476613000,-122.03536333088374,37.37359436766054,0,8.836565096952908,0,1,
simroute,1532476615000,-122.0353166616714,37.37374873532107,0,8.836565096952908,0,1,
simroute,1532476617000,-122.03528000000001,37.373870000000004,0,8.836565096952908,0,1,
simroute,1532476619000,-122.03523768425515,37.37402515810132,0,8.836565096952908,0,1,
simroute,1532476621000,-122.0351953684227,37.37418031620264,0,8.836565096952908,0,1,
simroute,1532476623000,-122.03519000000001,37.3742,0,8.836565096952908,0,1,
simroute,1532476625000,-122.03513884424177,37.37435346733091,0,8.836565096952908,0,1,
simroute,1532476627000,-122.03513000000001,37.37438,0,8.836565096952908,0,1,
simroute,1532476629000,-122.03508137297848,37.37453398564442,0,8.836565096952908,0,1,
simroute,1532476631000,-122.03507,37.374570000000006,0,8.836565096952908,0,1,
simroute,1532476633000,-122.03502167233864,37.37472404517443,0,8.836565096952908,0,1,
simroute,1532476635000,-122.03497334457802,37.37487809034886,0,8.836565096952908,0,1,
simroute,1532476637000,-122.03492501671809,37.375032135523284,0,8.836565096952908,0,1,
simroute,1532476639000,-122.03491000000001,37.375080000000004,0,8.836565096952908,0,1,
simroute,1532476641000,-122.0348594743611,37.37523359922644,0,8.836565096952908,0,1,
simroute,1532476643000,-122.03480894861877,37.37538719845288,0,8.836565096952908,0,1,
simroute,1532476645000,-122.03475842277294,37.37554079767933,0,8.836565096952908,0,1,
simroute,1532476647000,-122.03470789682365,37.37569439690577,0,8.836565096952908,0,1,
simroute,1532476649000,-122.03466000000002,37.375840000000004,0,8.836565096952908,0,1,
simroute,1532476651000,-122.03461076373623,37.375993863527945,0,8.836565096952908,0,1,
simroute,1532476653000,-122.03458,37.376090000000005,0,8.836565096952908,0,1,
simroute,1532476655000,-122.03452604887724,37.376242861910896,0,8.836565096952908,0,1,
simroute,1532476657000,-122.03447209764454,37.376395723821794,0,8.836565096952908,0,1,
simroute,1532476659000,-122.03446000000001,37.376430000000006,0,8.836565096952908,0,1,
simroute,1532476661000,-122.03440884428056,37.37658346765922,0,8.836565096952908,0,1,
simroute,1532476663000,-122.03435768845645,37.37673693531844,0,8.836565096952908,0,1,
simroute,1532476665000,-122.03433000000001,37.37682,0,8.836565096952908,0,1,
simroute,1532476667000,-122.03426178558072,37.37696921946805,0,8.836565096952908,0,1,
simroute,1532476669000,-122.0341935710257,37.37711843893611,0,8.836565096952908,0,1,
simroute,1532476671000,-122.03417,37.37717,0,8.836565096952908,0,1,
simroute,1532476673000,-122.03409348426499,37.3773166553357,0,8.836565096952908,0,1,
simroute,1532476675000,-122.03405000000001,37.3774,0,8.836565096952908,0,1,
simroute,1532476677000,-122.03400184980848,37.37755408062536,0,8.836565096952908,0,1,
simroute,1532476679000,-122.034,37.37756,0,8.836565096952908,0,1,
simroute,1532476681000,-122.03394758955505,37.37771320024268,0,8.836565096952908,0,1,
simroute,1532476683000,-122.03389517900297,37.37786640048536,0,8.836565096952908,0,1,
simroute,1532476685000,-122.03387000000001,37.37794,0,8.836565096952908,0,1,
simroute,1532476687000,-122.03382254852664,37.37809421751252,0,8.836565096952908,0,1,
simroute,1532476689000,-122.03379000000001,37.3782,0,8.836565096952908,0,1,
simroute,1532476691000,-122.0337559907257,37.37835644330452,0,8.836565096952908,0,1,
simroute,1532476693000,-122.03372198138044,37.37851288660904,0,8.836565096952908,0,1,
simroute,1532476695000,-122.03369,37.37866,0,8.836565096952908,0,1,
simroute,1532476697000,-122.03366029810275,37.37881699619361,0,8.836565096952908,0,1,
simroute,1532476699000,-122.03363059614327,37.378973992387216,0,8.836565096952908,0,1,
simroute,1532476701000,-122.03362000000001,37.37903,0,8.836565096952908,0,1,
simroute,1532476703000,-122.033587588194,37.379186657344796,0,8.836565096952908,0,1,
simroute,1532476705000,-122.03356000000001,37.37932,0,8.836565096952908,0,1,
simroute,1532476707000,-122.03352357676698,37.37947609987479,0,8.836565096952908,0,1,
simroute,1532476709000,-122.03349000000001,37.37962,0,8.836565096952908,0,1,
simroute,1532476711000,-122.03344508801604,37.37977469716259,0,8.836565096952908,0,1,
simroute,1532476713000,-122.03340017593939,37.37992939432516,0,8.836565096952908,0,1,
simroute,1532476715000,-122.03340000000001,37.37993,0,8.836565096952908,0,1,
simroute,1532476717000,-122.03335576570578,37.38008482044318,0,8.836565096952908,0,1,
simroute,1532476719000,-122.03331153132024,37.38023964088636,0,8.836565096952908,0,1,
simroute,1532476721000,-122.03330000000001,37.380280000000006,0,8.836565096952908,0,1,
simroute,1532476723000,-122.03324814234907,37.380433319388096,0,8.836565096952908,0,1,
simroute,1532476725000,-122.03319628459207,37.38058663877619,0,8.836565096952908,0,1,
simroute,1532476727000,-122.03314442672905,37.38073995816426,0,8.836565096952908,0,1,
simroute,1532476729000,-122.03309256876003,37.380893277552346,0,8.836565096952908,0,1,
simroute,1532476731000,-122.03307000000001,37.38096,0,8.836565096952908,0,1,
simroute,1532476733000,-122.03301844324267,37.381113383548985,0,8.836565096952908,0,1,
simroute,1532476735000,-122.03296688637988,37.38126676709797,0,8.836565096952908,0,1,
simroute,1532476737000,-122.0329153294116,37.38142015064695,0,8.836565096952908,0,1,
simroute,1532476739000,-122.03286377233792,37.381573534195944,0,8.836565096952908,0,1,
simroute,1532476741000,-122.03281221515874,37.38172691774493,0,8.836565096952908,0,1,
simroute,1532476743000,-122.03276065787412,37.38188030129392,0,8.836565096952908,0,1,
simroute,1532476745000,-122.03270910048406,37.3820336848429,0,8.836565096952908,0,1,
simroute,1532476747000,-122.03267000000001,37.38215,0,8.836565096952908,0,1,
simroute,1532476749000,-122.03261234258957,37.382302006192674,0,8.836565096952908,0,1,
simroute,1532476751000,-122.03256,37.38244,0,8.836565096952908,0,1,
simroute,1532476753000,-122.0325073547603,37.38259315014174,0,8.836565096952908,0,1,
simroute,1532476755000,-122.03245470941306,37.38274630028347,0,8.836565096952908,0,1,
simroute,1532476757000,-122.03245000000001,37.382760000000005,0,8.836565096952908,0,1,
simroute,1532476759000,-122.03239924995768,37.38291355358447,0,8.836565096952908,0,1,
simroute,1532476761000,-122.0323484998114,37.38306710716894,0,8.836565096952908,0,1,
simroute,1532476763000,-122.03229774956128,37.3832206607534,0,8.836565096952908,0,1,
simroute,1532476765000,-122.03224699920719,37.38337421433786,0,8.836565096952908,0,1,
simroute,1532476767000,-122.03219624874919,37.38352776792233,0,8.836565096952908,0,1,
simroute,1532476769000,-122.03214549818728,37.38368132150679,0,8.836565096952908,0,1,
simroute,1532476771000,-122.0320947475214,37.38383487509126,0,8.836565096952908,0,1,
simroute,1532476773000,-122.03206000000002,37.38394,0,8.836565096952908,0,1,
simroute,1532476775000,-122.03201076341327,37.38409386453722,0,8.836565096952908,0,1,
simroute,1532476777000,-122.03198,37.384190000000004,0,8.836565096952908,0,1,
simroute,1532476779000,-122.03192884383463,37.38434346867951,0,8.836565096952908,0,1,
simroute,1532476781000,-122.03190000000001,37.38443,0,8.836565096952908,0,1,
simroute,1532476783000,-122.0318478898314,37.38458326593644,0,8.836565096952908,0,1,
simroute,1532476785000,-122.0317957795562,37.38473653187289,0,8.836565096952908,0,1,
simroute,1532476787000,-122.03174366917455,37.384889797809336,0,8.836565096952908,0,1,
simroute,1532476789000,-122.03173000000001,37.384930000000004,0,8.836565096952908,0,1,
simroute,1532476791000,-122.03168137269284,37.3850839869515,0,8.836565096952908,0,1,
simroute,1532476793000,-122.03163274528583,37.385237973902996,0,8.836565096952908,0,1,
simroute,1532476795000,-122.03161000000001,37.385310000000004,0,8.836565096952908,0,1,
simroute,1532476797000,-122.03155728181724,37.385463134737,0,8.836565096952908,0,1,
simroute,1532476799000,-122.03150456352682,37.38561626947399,0,8.836565096952908,0,1,
simroute,1532476801000,-122.03145184512869,37.38576940421098,0,8.836565096952908,0,1,
simroute,1532476803000,-122.0314,37.385920000000006,0,8.836565096952908,0,1,
simroute,1532476805000,-122.03135076333433,37.38607386478395,0,8.836565096952908,0,1,
simroute,1532476807000,-122.03132000000001,37.38617,0,8.836565096952908,0,1,
simroute,1532476809000,-122.03126677431851,37.386323023997456,0,8.836565096952908,0,1,
simroute,1532476811000,-122.03124000000001,37.3864,0,8.836565096952908,0,1,
simroute,1532476813000,-122.03118884440892,37.38655346911767,0,8.836565096952908,0,1,
simroute,1532476815000,-122.03113768871316,37.386706938235335,0,8.836565096952908,0,1,
simroute,1532476817000,-122.0310865329127,37.386860407353,0,8.836565096952908,0,1,
simroute,1532476819000,-122.03103537700747,37.387013876470654,0,8.836565096952908,0,1,
simroute,1532476821000,-122.03098422099754,37.38716734558832,0,8.836565096952908,0,1,
simroute,1532476823000,-122.0309330648829,37.38732081470597,0,8.836565096952908,0,1,
simroute,1532476825000,-122.03088190866356,37.38747428382363,0,8.836565096952908,0,1,
simroute,1532476827000,-122.03083075233945,37.38762775294129,0,8.836565096952908,0,1,
simroute,1532476829000,-122.03082,37.387660000000004,0,8.836565096952908,0,1,
simroute,1532476831000,-122.03077366988828,37.38781443380231,0,8.836565096952908,0,1,
simroute,1532476833000,-122.03076000000001,37.38786,0,8.836565096952908,0,1,
simroute,1532476835000,-122.03071366988166,37.38801443382446,0,8.836565096952908,0,1,
simroute,1532476837000,-122.03070000000001,37.38806,0,8.836565096952908,0,1,
simroute,1532476839000,-122.030653669875,37.3882144338466,0,8.836565096952908,0,1,
simroute,1532476841000,-122.03064,37.38826,0,8.836565096952908,0,1,
simroute,1532476843000,-122.03059968636774,37.388415495681244,0,8.836565096952908,0,1,
simroute,1532476845000,-122.03057000000001,37.38853,0,8.836565096952908,0,1,
simroute,1532476847000,-122.03054010040819,37.38868697296921,0,8.836565096952908,0,1,
simroute,1532476849000,-122.03053000000001,37.388740000000006,0,8.836565096952908,0,1,
simroute,1532476851000,-122.0304910704516,37.388895718202654,0,8.836565096952908,0,1,
simroute,1532476853000,-122.03049000000001,37.3889,0,8.836565096952908,0,1,
simroute,1532476855000,-122.03047025210208,37.38905798318808,0,8.836565096952908,0,1,
simroute,1532476857000,-122.03047000000001,37.38906,0,8.836565096952908,0,1,
simroute,1532476859000,-122.03044847682611,37.3892178367404,0,8.836565096952908,0,1,
simroute,1532476861000,-122.03044000000001,37.38928000000001,0,8.836565096952908,0,1,
simroute,1532476863000,-122.03042193033832,37.38943810994639,0,8.836565096952908,0,1,
simroute,1532476865000,-122.0304038606385,37.38959621989278,0,8.836565096952908,0,1,
simroute,1532476867000,-122.03040000000001,37.389630000000004,0,8.836565096952908,0,1,
simroute,1532476869000,-122.03037376896236,37.38978738652804,0,8.836565096952908,0,1,
simroute,1532476871000,-122.03035000000001,37.38993,0,8.836565096952908,0,1,
simroute,1532476873000,-122.0303333465236,37.390088208093005,0,8.836565096952908,0,1,
simroute,1532476875000,-122.03033,37.39012,0,8.836565096952908,0,1,
simroute,1532476877000,-122.03030010039402,37.39027697304375,0,8.836565096952908,0,1,
simroute,1532476879000,-122.03029000000001,37.390330000000006,0,8.836565096952908,0,1,
simroute,1532476881000,-122.03025616907757,37.390486468468495,0,8.836565096952908,0,1,
simroute,1532476883000,-122.03022233808451,37.39064293693698,0,8.836565096952908,0,1,
simroute,1532476885000,-122.03021000000001,37.3907,0,8.836565096952908,0,1,
simroute,1532476887000,-122.0301694461806,37.39085545646561,0,8.836565096952908,0,1,
simroute,1532476889000,-122.03015,37.390930000000004,0,8.836565096952908,0,1,
simroute,1532476891000,-122.03010137234276,37.391083987657545,0,8.836565096952908,0,1,
simroute,1532476893000,-122.03009000000002,37.39112,0,8.836565096952908,0,1,
simroute,1532476895000,-122.03004137233546,37.39127398768064,0,8.836565096952908,0,1,
simroute,1532476897000,-122.03003000000001,37.391310000000004,0,8.836565096952908,0,1,
simroute,1532476899000,-122.02997577929767,37.391462804130555,0,8.836565096952908,0,1,
simroute,1532476901000,-122.02992155848483,37.391615608261105,0,8.836565096952908,0,1,
simroute,1532476903000,-122.02992,37.39162,0,8.836565096952908,0,1,
simroute,1532476905000,-122.02986720076439,37.391773118073345,0,8.836565096952908,0,1,
simroute,1532476907000,-122.02982000000002,37.39191,0,8.836565096952908,0,1,
simroute,1532476909000,-122.02977137242476,37.3920639878006,0,8.836565096952908,0,1,
simroute,1532476911000,-122.02972274474962,37.39221797560119,0,8.836565096952908,0,1,
simroute,1532476913000,-122.0297,37.39229,0,8.836565096952908,0,1,
simroute,1532476915000,-122.02964988503714,37.39244368653522,0,8.836565096952908,0,1,
simroute,1532476917000,-122.02959976997153,37.392597373070444,0,8.836565096952908,0,1,
simroute,1532476919000,-122.02955000000001,37.39275000000001,0,8.836565096952908,0,1,
simroute,1532476921000,-122.02950216229715,37.39290414399701,0,8.836565096952908,0,1,
simroute,1532476923000,-122.02946000000001,37.393040000000006,0,8.836565096952908,0,1,
simroute,1532476925000,-122.02940604787017,37.39319286440415,0,8.836565096952908,0,1,
simroute,1532476927000,-122.02940000000001,37.39321,0,8.836565096952908,0,1,
simroute,1532476929000,-122.02934411131605,37.39336242463221,0,8.836565096952908,0,1,
simroute,1532476931000,-122.02928822251846,37.39351484926441,0,8.836565096952908,0,1,
simroute,1532476933000,-122.02923233360724,37.39366727389662,0,8.836565096952908,0,1,
simroute,1532476935000,-122.02918000000001,37.39381,0,8.836565096952908,0,1,
simroute,1532476937000,-122.02913113057065,37.393963939711334,0,8.836565096952908,0,1,
simroute,1532476939000,-122.02908226104091,37.39411787942268,0,8.836565096952908,0,1,
simroute,1532476941000,-122.02903339141085,37.39427181913401,0,8.836565096952908,0,1,
simroute,1532476943000,-122.0289845216804,37.39442575884535,0,8.836565096952908,0,1,
simroute,1532476945000,-122.02898,37.39444,0,8.836565096952908,0,1,
simroute,1532476947000,-122.02892604779674,37.394592864612285,0,8.836565096952908,0,1,
simroute,1532476949000,-122.02892000000001,37.39461,0,8.836565096952908,0,1,
simroute,1532476951000,-122.02887576520072,37.394764821914336,0,8.836565096952908,0,1,
simroute,1532476953000,-122.02886000000001,37.39482,0,8.836565096952908,0,1,
simroute,1532476955000,-122.02880884337901,37.39497347010996,0,8.836565096952908,0,1,
simroute,1532476957000,-122.02877000000001,37.39509,0,8.836565096952908,0,1,
simroute,1532476959000,-122.02871646499153,37.39524295726674,0,8.836565096952908,0,1,
simroute,1532476961000,-122.02870000000001,37.39529,0,8.836565096952908,0,1,
simroute,1532476963000,-122.02865453057746,37.39544459606921,0,8.836565096952908,0,1,
simroute,1532476965000,-122.02865000000001,37.39546,0,8.836565096952908,0,1,
simroute,1532476967000,-122.02860721946308,37.39561507973228,0,8.836565096952908,0,1,
simroute,1532476969000,-122.02857000000002,37.39575,0,8.836565096952908,0,1,
simroute,1532476971000,-122.02852343802056,37.39590439072928,0,8.836565096952908,0,1,
simroute,1532476973000,-122.02847687594516,37.39605878145856,0,8.836565096952908,0,1,
simroute,1532476975000,-122.02843031377387,37.39621317218784,0,8.836565096952908,0,1,
simroute,1532476977000,-122.02838375150662,37.39636756291711,0,8.836565096952908,0,1,
simroute,1532476979000,-122.02838000000001,37.39638,0,8.836565096952908,0,1,
simroute,1532476981000,-122.028336936041,37.396535030305415,0,8.836565096952908,0,1,
simroute,1532476983000,-122.02833000000001,37.39656,0,8.836565096952908,0,1,
simroute,1532476985000,-122.02829164723562,37.396715809152255,0,8.836565096952908,0,1,
simroute,1532476987000,-122.02825329439156,37.3968716183045,0,8.836565096952908,0,1,
simroute,1532476989000,-122.0282149414677,37.397027427456756,0,8.836565096952908,0,1,
simroute,1532476991000,-122.02817658846413,37.397183236609,0,8.836565096952908,0,1,
simroute,1532476993000,-122.02817,37.39721,0,8.836565096952908,0,1,
simroute,1532476995000,-122.02812938812383,37.397365447479686,0,8.836565096952908,0,1,
simroute,1532476997000,-122.02808877616343,37.397520894959364,0,8.836565096952908,0,1,
simroute,1532476999000,-122.02804816411873,37.39767634243904,0,8.836565096952908,0,1,
simroute,1532477001000,-122.02800755198984,37.39783178991871,0,8.836565096952908,0,1,
simroute,1532477003000,-122.02796693977666,37.3979872373984,0,8.836565096952908,0,1,
simroute,1532477005000,-122.02792632747929,37.39814268487807,0,8.836565096952908,0,1,
simroute,1532477007000,-122.02788571509768,37.398298132357745,0,8.836565096952908,0,1,
simroute,1532477009000,-122.02788000000001,37.398320000000005,0,8.836565096952908,0,1,
simroute,1532477011000,-122.02782884316309,37.39847347056713,0,8.836565096952908,0,1,
simroute,1532477013000,-122.02782,37.398500000000006,0,8.836565096952908,0,1,
simroute,1532477015000,-122.02778257177454,37.39865595113886,0,8.836565096952908,0,1,
simroute,1532477017000,-122.02776000000001,37.39875,0,8.836565096952908,0,1,
simroute,1532477019000,-122.02772107031547,37.39890571900153,0,8.836565096952908,0,1,
simroute,1532477021000,-122.02769,37.39903,0,8.836565096952908,0,1,
simroute,1532477023000,-122.02764398077392,37.39918449378479,0,8.836565096952908,0,1,
simroute,1532477025000,-122.02759796145295,37.399338987569564,0,8.836565096952908,0,1,
simroute,1532477027000,-122.02755194203712,37.399493481354334,0,8.836565096952908,0,1,
simroute,1532477029000,-122.02755,37.3995,0,10.80952380952381,0,1,
simroute,1532477031000,-122.027382245772,37.39964126676938,0,10.80952380952381,0,1,
simroute,1532477033000,-122.02736000000002,37.399660000000004,0,10.80952380952381,0,1,
simroute,1532477035000,-122.02713733153865,37.399740160682235,0,10.80952380952381,0,1,
simroute,1532477037000,-122.02711000000001,37.399750000000004,0,10.80952380952381,0,1,
simroute,1532477039000,-122.02687074378264,37.39971012403035,0,10.80952380952381,0,1,
simroute,1532477041000,-122.02681000000001,37.3997,0,10.80952380952381,0,1,
simroute,1532477043000,-122.02664224564597,37.39955873322656,0,10.80952380952381,0,1,
simroute,1532477045000,-122.02662000000001,37.39954,0,10.80952380952381,0,1,
simroute,1532477047000,-122.02658342451002,37.399347978724265,0,10.80952380952381,0,1,
simroute,1532477049000,-122.02658000000001,37.399330000000006,0,10.80952380952381,0,1,
simroute,1532477051000,-122.02668963150597,37.39915641682504,0,10.80952380952381,0,1,
simroute,1532477053000,-122.0267,37.39914,0,10.80952380952381,0,1,
simroute,1532477055000,-122.02691137876991,37.39904244064026,0,10.80952380952381,0,1,
simroute,1532477057000,-122.02696000000002,37.39902,0,10.80952380952381,0,1,
simroute,1532477059000,-122.02720446260736,37.39902000005717,0,10.80952380952381,0,1,
simroute,1532477061000,-122.02726000000001,37.39902,0,10.80952380952381,0,1,
simroute,1532477063000,-122.02750210602153,37.39899309936049,0,10.80952380952381,0,1,
simroute,1532477065000,-122.02753000000001,37.398990000000005,0,28.636608344549124,0,1,
simroute,1532477067000,-122.02815431083309,37.39912682102902,0,28.636608344549124,0,1,
simroute,1532477069000,-122.02877862280593,37.39926364205803,0,28.636608344549124,0,1,
simroute,1532477071000,-122.0294029359186,37.39940046308704,0,28.636608344549124,0,1,
simroute,1532477073000,-122.03002725017109,37.39953728411604,0,28.636608344549124,0,1,
simroute,1532477075000,-122.0306515655634,37.399674105145024,0,28.636608344549124,0,1,
simroute,1532477077000,-122.03127588209554,37.399810926174005,0,28.636608344549124,0,1,
simroute,1532477079000,-122.0319001997675,37.39994774720298,0,28.636608344549124,0,1,
simroute,1532477081000,-122.03252451857935,37.40008456823195,0,28.636608344549124,0,1,
simroute,1532477083000,-122.03314883853108,37.400221389260906,0,28.636608344549124,0,1,
simroute,1532477085000,-122.03328,37.40025,0,28.636608344549124,0,1,
simroute,1532477087000,-122.03390519723894,37.40038427315735,0,28.636608344549124,0,1,
simroute,1532477089000,-122.03453039559804,37.400518546314686,0,28.636608344549124,0,1,
simroute,1532477091000,-122.03477000000001,37.40057,0,28.636608344549124,0,1,
simroute,1532477093000,-122.03539384388534,37.400708196168,0,28.636608344549124,0,1,
simroute,1532477095000,-122.03601768892116,37.40084639233598,0,28.636608344549124,0,1,
simroute,1532477097000,-122.03635000000001,37.400920000000006,0,28.636608344549124,0,1,
simroute,1532477099000,-122.03697485888529,37.40105527977072,0,28.636608344549124,0,1,
simroute,1532477101000,-122.03732000000001,37.40113,0,28.636608344549124,0,1,
simroute,1532477103000,-122.03794370599877,37.40126860162553,0,28.636608344549124,0,1,
simroute,1532477105000,-122.03804000000001,37.40129,0,28.636608344549124,0,1,
simroute,1532477107000,-122.03866370732311,37.40142860164647,0,28.636608344549124,0,1,
simroute,1532477109000,-122.03867000000001,37.401430000000005,0,28.636608344549124,0,1,
simroute,1532477111000,-122.03929549025327,37.40156343829593,0,28.636608344549124,0,1,
simroute,1532477113000,-122.03942,37.401590000000006,0,28.636608344549124,0,1,
simroute,1532477115000,-122.04004616877899,37.40172141869117,0,28.636608344549124,0,1,
simroute,1532477117000,-122.04023000000001,37.40176,0,28.636608344549124,0,1,
simroute,1532477119000,-122.04085309555995,37.40190033832069,0,28.636608344549124,0,1,
simroute,1532477121000,-122.04134,37.402010000000004,0,28.636608344549124,0,1,
simroute,1532477123000,-122.041964492874,37.40214636846065,0,28.636608344549124,0,1,
simroute,1532477125000,-122.04258898688443,37.402282736921286,0,28.636608344549124,0,1,
simroute,1532477127000,-122.04321348203138,37.40241910538191,0,28.636608344549124,0,1,
simroute,1532477129000,-122.04383797831485,37.402555473842526,0,28.636608344549124,0,1,
simroute,1532477131000,-122.0444624757348,37.402691842303135,0,28.636608344549124,0,1,
simroute,1532477133000,-122.04450000000001,37.4027,0,28.636608344549124,0,1,
simroute,1532477135000,-122.04512433486275,37.40283684083794,0,28.636608344549124,0,1,
simroute,1532477137000,-122.04523,37.402860000000004,0,28.636608344549124,0,1,
simroute,1532477139000,-122.04585492902623,37.40299512237293,0,28.636608344549124,0,1,
simroute,1532477141000,-122.04647985917939,37.403130244745846,0,28.636608344549124,0,1,
simroute,1532477143000,-122.04671,37.403180000000006,0,28.636608344549124,0,1,
simroute,1532477145000,-122.0473324141422,37.40332226632666,0,28.636608344549124,0,1,
simroute,1532477147000,-122.04741000000001,37.40334,0,28.636608344549124,0,1,
simroute,1532477149000,-122.04803434907473,37.40347681527005,0,28.636608344549124,0,1,
simroute,1532477151000,-122.04865869928949,37.40361363054009,0,28.636608344549124,0,1,
simroute,1532477153000,-122.04928305064425,37.40375044581014,0,28.636608344549124,0,1,
simroute,1532477155000,-122.049907403139,37.40388726108017,0,28.636608344549124,0,1,
simroute,1532477157000,-122.04992000000001,37.403890000000004,0,28.636608344549124,0,1,
simroute,1532477159000,-122.05054248399301,37.404032089646165,0,28.636608344549124,0,1,
simroute,1532477161000,-122.05084000000001,37.4041,0,28.636608344549124,0,1,
simroute,1532477163000,-122.05145969749208,37.40424958292703,0,28.636608344549124,0,1,
simroute,1532477165000,-122.05171000000001,37.40431,0,28.636608344549124,0,1,
simroute,1532477167000,-122.05232362357867,37.40447463137112,0,28.636608344549124,0,1,
simroute,1532477169000,-122.05253,37.40453,0,28.636608344549124,0,1,
simroute,1532477171000,-122.05314072507872,37.404701301609094,0,28.636608344549124,0,1,
simroute,1532477173000,-122.05335000000001,37.40476,0,28.636608344549124,0,1,
simroute,1532477175000,-122.05396112194671,37.40493041038004,0,28.636608344549124,0,1,
simroute,1532477177000,-122.05439000000001,37.40505,0,28.636608344549124,0,1,
simroute,1532477179000,-122.0550046281972,37.405212263851745,0,28.636608344549124,0,1,
simroute,1532477181000,-122.05561925772548,37.405374527703486,0,28.636608344549124,0,1,
simroute,1532477183000,-122.05564000000001,37.40538,0,28.636608344549124,0,1,
simroute,1532477185000,-122.0562586145,37.40553241248984,0,28.636608344549124,0,1,
simroute,1532477187000,-122.05633000000002,37.405550000000005,0,28.636608344549124,0,1,
simroute,1532477189000,-122.05695258266434,37.40569185478907,0,28.636608344549124,0,1,
simroute,1532477191000,-122.05712000000001,37.405730000000005,0,28.636608344549124,0,1,
simroute,1532477193000,-122.05774533491837,37.40586400267641,0,28.636608344549124,0,1,
simroute,1532477195000,-122.05837067095513,37.40599800535279,0,28.636608344549124,0,1,
simroute,1532477197000,-122.05852000000002,37.40603,0,28.636608344549124,0,1,
simroute,1532477199000,-122.0591446070465,37.40616613513567,0,28.636608344549124,0,1,
simroute,1532477201000,-122.0597692152279,37.40630227027134,0,28.636608344549124,0,1,
simroute,1532477203000,-122.06008000000001,37.40637,0,28.636608344549124,0,1,
simroute,1532477205000,-122.06070490025701,37.4065052916592,0,28.636608344549124,0,1,
simroute,1532477207000,-122.0613298016425,37.4066405833184,0,28.636608344549124,0,1,
simroute,1532477209000,-122.06195470415639,37.40677587497757,0,28.636608344549124,0,1,
simroute,1532477211000,-122.06202,37.40679,0,28.636608344549124,0,1,
simroute,1532477213000,-122.06264174820484,37.40693417370593,0,28.636608344549124,0,1,
simroute,1532477215000,-122.06271000000001,37.40695,0,28.636608344549124,0,1,
simroute,1532477217000,-122.06333445406784,37.40708659937442,0,28.636608344549124,0,1,
simroute,1532477219000,-122.06335000000001,37.407090000000004,0,28.636608344549124,0,1,
simroute,1532477221000,-122.06397503944225,37.40722490290972,0,28.636608344549124,0,1,
simroute,1532477223000,-122.06460008001,37.40735980581943,0,28.636608344549124,0,1,
simroute,1532477225000,-122.06474000000001,37.40739000000001,0,28.636608344549124,0,1,
simroute,1532477227000,-122.06536345566496,37.40752945760354,0,28.636608344549124,0,1,
simroute,1532477229000,-122.06550000000001,37.407560000000004,0,28.636608344549124,0,1,
simroute,1532477231000,-122.06612689770566,37.407689359853315,0,28.636608344549124,0,1,
simroute,1532477233000,-122.06613000000002,37.40769,0,28.636608344549124,0,1,
simroute,1532477235000,-122.06675217441114,37.40783302935832,0,28.636608344549124,0,1,
simroute,1532477237000,-122.06700000000001,37.40789,0,28.636608344549124,0,1,
simroute,1532477239000,-122.06761783056453,37.40804445820896,0,28.636608344549124,0,1,
simroute,1532477241000,-122.0678,37.40809,0,28.636608344549124,0,1,
simroute,1532477243000,-122.06840452563245,37.408274716546416,0,28.636608344549124,0,1,
simroute,1532477245000,-122.06852,37.40831,0,28.636608344549124,0,1,
simroute,1532477247000,-122.06911272372213,37.40851745332796,0,28.636608344549124,0,1,
simroute,1532477249000,-122.06912000000001,37.40852,0,28.636608344549124,0,1,
simroute,1532477251000,-122.06969936266086,37.40875004142474,0,28.636608344549124,0,1,
simroute,1532477253000,-122.06980000000001,37.40879,0,28.636608344549124,0,1,
simroute,1532477255000,-122.07037850506538,37.40902140247225,0,28.636608344549124,0,1,
simroute,1532477257000,-122.07050000000001,37.40907,0,28.636608344549124,0,1,
simroute,1532477259000,-122.07107936606394,37.40930004277595,0,28.636608344549124,0,1,
simroute,1532477261000,-122.07118000000001,37.40934,0,28.636608344549124,0,1,
simroute,1532477263000,-122.0717555461872,37.40957601836912,0,28.636608344549124,0,1,
simroute,1532477265000,-122.07233109418763,37.40981203673821,0,28.636608344549124,0,1,
simroute,1532477267000,-122.07257000000001,37.40991,0,28.636608344549124,0,1,
simroute,1532477269000,-122.07314685066439,37.410144007244085,0,28.636608344549124,0,1,
simroute,1532477271000,-122.07363000000001,37.410340000000005,0,28.636608344549124,0,1,
simroute,1532477273000,-122.07420952200113,37.410569810450454,0,28.636608344549124,0,1,
simroute,1532477275000,-122.07421000000001,37.41057,0,28.636608344549124,0,1,
simroute,1532477277000,-122.0747902827506,37.41079859893193,0,28.636608344549124,0,1,
simroute,1532477279000,-122.07537056727205,37.41102719786386,0,28.636608344549124,0,1,
simroute,1532477281000,-122.07553000000001,37.41109,0,28.636608344549124,0,1,
simroute,1532477283000,-122.07611259556506,37.41131486345948,0,28.636608344549124,0,1,
simroute,1532477285000,-122.07667000000001,37.411530000000006,0,28.636608344549124,0,1,
simroute,1532477287000,-122.07725163088361,37.41175643909207,0,28.636608344549124,0,1,
simroute,1532477289000,-122.07783326352546,37.411982878184126,0,28.636608344549124,0,1,
simroute,1532477291000,-122.07798000000001,37.412040000000005,0,28.636608344549124,0,1,
simroute,1532477293000,-122.07856196776834,37.41226589878069,0,28.636608344549124,0,1,
simroute,1532477295000,-122.07914393729175,37.41249179756138,0,28.636608344549124,0,1,
simroute,1532477297000,-122.07950000000001,37.41263,0,28.636608344549124,0,1,
simroute,1532477299000,-122.0800758567733,37.41286557889976,0,28.636608344549124,0,1,
simroute,1532477301000,-122.08038,37.41299,0,28.636608344549124,0,1,
simroute,1532477303000,-122.08094785848994,37.41323752887261,0,28.636608344549124,0,1,
simroute,1532477305000,-122.08116000000001,37.41333,0,28.636608344549124,0,1,
simroute,1532477307000,-122.08170818217815,37.4136040913035,0,28.636608344549124,0,1,
simroute,1532477309000,-122.08176000000002,37.413630000000005,0,28.636608344549124,0,1,
simroute,1532477311000,-122.0822974101826,37.413917236660566,0,28.636608344549124,0,1,
simroute,1532477313000,-122.08234000000002,37.413940000000004,0,28.636608344549124,0,1,
simroute,1532477315000,-122.08286255932137,37.41424403463943,0,28.636608344549124,0,1,
simroute,1532477317000,-122.08289,37.414260000000006,0,28.636608344549124,0,1,
simroute,1532477319000,-122.08339392511806,37.414583272844766,0,28.636608344549124,0,1,
simroute,1532477321000,-122.08342,37.4146,0,28.636608344549124,0,1,
simroute,1532477323000,-122.08390886310178,37.41493755014771,0,28.636608344549124,0,1,
simroute,1532477325000,-122.08426000000001,37.41518000000001,0,28.636608344549124,0,1,
simroute,1532477327000,-122.08474207302442,37.41552365881598,0,28.636608344549124,0,1,
simroute,1532477329000,-122.08522414826075,37.415867317631935,0,28.636608344549124,0,1,
simroute,1532477331000,-122.08527000000001,37.4159,0,28.636608344549124,0,1,
simroute,1532477333000,-122.08575418940205,37.416241780890175,0,28.636608344549124,0,1,
simroute,1532477335000,-122.08578000000001,37.41626,0,28.636608344549124,0,1,
simroute,1532477337000,-122.08625670183568,37.41660835926783,0,28.636608344549124,0,1,
simroute,1532477339000,-122.08630000000001,37.41664,0,28.636608344549124,0,1,
simroute,1532477341000,-122.08678044041187,37.41698510630888,0,28.636608344549124,0,1,
simroute,1532477343000,-122.08701,37.41715000000001,0,28.636608344549124,0,1,
simroute,1532477345000,-122.08748761823261,37.41749757146774,0,28.636608344549124,0,1,
simroute,1532477347000,-122.08796523868187,37.41784514293547,0,28.636608344549124,0,1,
simroute,1532477349000,-122.08844286134774,37.418192714403176,0,28.636608344549124,0,1,
simroute,1532477351000,-122.08892048623034,37.41854028587087,0,28.636608344549124,0,1,
simroute,1532477353000,-122.08914000000001,37.4187,0,28.636608344549124,0,1,
simroute,1532477355000,-122.08962055614222,37.41904501626267,0,28.636608344549124,0,1,
simroute,1532477357000,-122.08992,37.41926,0,28.636608344549124,0,1,
simroute,1532477359000,-122.09039645716604,37.41960858681097,0,28.636608344549124,0,1,
simroute,1532477361000,-122.09087291654993,37.41995717362194,0,28.636608344549124,0,1,
simroute,1532477363000,-122.09134937815168,37.42030576043287,0,28.636608344549124,0,1,
simroute,1532477365000,-122.0918258419714,37.420654347243804,0,28.636608344549124,0,1,
simroute,1532477367000,-122.09223000000001,37.420950000000005,0,28.636608344549124,0,1,
simroute,1532477369000,-122.09270955324007,37.42129590795324,0,28.636608344549124,0,1,
simroute,1532477371000,-122.09284000000001,37.42139,0,28.636608344549124,0,1,
simroute,1532477373000,-122.09331595233232,37.42173903319642,0,28.636608344549124,0,1,
simroute,1532477375000,-122.09359,37.421940000000006,0,28.636608344549124,0,1,
simroute,1532477377000,-122.09406848459281,37.422286845621926,0,28.636608344549124,0,1,
simroute,1532477379000,-122.094546971402,37.42263369124384,0,28.636608344549124,0,1,
simroute,1532477381000,-122.09502546042756,37.422980536865744,0,28.636608344549124,0,1,
simroute,1532477383000,-122.09548000000001,37.42331,0,28.636608344549124,0,1,
simroute,1532477385000,-122.0959592875015,37.423656153374,0,28.636608344549124,0,1,
simroute,1532477387000,-122.09620000000001,37.42383,0,28.636608344549124,0,1,
simroute,1532477389000,-122.09667235213846,37.42418211747534,0,28.636608344549124,0,1,
simroute,1532477391000,-122.09675000000001,37.424240000000005,0,28.636608344549124,0,1,
simroute,1532477393000,-122.09720881689367,37.424603231548595,0,28.636608344549124,0,1,
simroute,1532477395000,-122.09747000000002,37.42481,0,28.636608344549124,0,1,
simroute,1532477397000,-122.09791817742462,37.425181517367896,0,28.636608344549124,0,1,
simroute,1532477399000,-122.09823000000002,37.42544,0,28.636608344549124,0,1,
simroute,1532477401000,-122.09865864531895,37.42582578253531,0,28.636608344549124,0,1,
simroute,1532477403000,-122.09893000000001,37.42607,0,28.636608344549124,0,1,
simroute,1532477405000,-122.0993459950239,37.42646442187328,0,28.636608344549124,0,1,
simroute,1532477407000,-122.0997619922394,37.42685884374653,0,28.636608344549124,0,1,
simroute,1532477409000,-122.10017799164655,37.42725326561978,0,28.636608344549124,0,1,
simroute,1532477411000,-122.1005939932453,37.427647687493014,0,28.636608344549124,0,1,
simroute,1532477413000,-122.10100999703582,37.42804210936624,0,28.636608344549124,0,1,
simroute,1532477415000,-122.10105000000001,37.42808,0,28.636608344549124,0,1,
simroute,1532477417000,-122.10146349206855,37.42847608552954,0,28.636608344549124,0,1,
simroute,1532477419000,-122.10187698632478,37.42887217105907,0,28.636608344549124,0,1,
simroute,1532477421000,-122.102,37.428990000000006,0,28.636608344549124,0,1,
simroute,1532477423000,-122.10241471809297,37.429385279709635,0,28.636608344549124,0,1,
simroute,1532477425000,-122.10264000000001,37.4296,0,28.636608344549124,0,1,
simroute,1532477427000,-122.10304885162844,37.4299991171431,0,28.636608344549124,0,1,
simroute,1532477429000,-122.10306000000001,37.43001,0,28.636608344549124,0,1,
simroute,1532477431000,-122.10347361305531,37.430406012883616,0,28.636608344549124,0,1,
simroute,1532477433000,-122.10353,37.430460000000004,0,28.636608344549124,0,1,
simroute,1532477435000,-122.10394836293165,37.4308528556838,0,28.636608344549124,0,1,
simroute,1532477437000,-122.10435000000001,37.431230000000006,0,28.636608344549124,0,1,
simroute,1532477439000,-122.10475713019105,37.4316302309541,0,28.636608344549124,0,1,
simroute,1532477441000,-122.10494000000001,37.431810000000006,0,28.636608344549124,0,1,
simroute,1532477443000,-122.10535670110903,37.432203972854936,0,28.636608344549124,0,1,
simroute,1532477445000,-122.10549,37.43233,0,28.636608344549124,0,1,
simroute,1532477447000,-122.10590497674048,37.43272512075667,0,28.636608344549124,0,1,
simroute,1532477449000,-122.10631995567155,37.43312024151333,0,28.636608344549124,0,1,
simroute,1532477451000,-122.10673493679326,37.43351536226998,0,28.636608344549124,0,1,
simroute,1532477453000,-122.10714992010566,37.43391048302662,0,28.636608344549124,0,1,
simroute,1532477455000,-122.10737,37.43412,0,28.636608344549124,0,1,
simroute,1532477457000,-122.10778166371136,37.434517306423594,0,28.636608344549124,0,1,
simroute,1532477459000,-122.10819332960796,37.43491461284717,0,28.636608344549124,0,1,
simroute,1532477461000,-122.10823,37.43495,0,28.636608344549124,0,1,
simroute,1532477463000,-122.10864099940693,37.43534774279821,0,28.636608344549124,0,1,
simroute,1532477465000,-122.10885,37.435550000000006,0,28.636608344549124,0,1,
simroute,1532477467000,-122.10926481202625,37.4359452416088,0,28.636608344549124,0,1,
simroute,1532477469000,-122.10967962624318,37.43634048321758,0,28.636608344549124,0,1,
simroute,1532477471000,-122.11009444265073,37.43673572482635,0,28.636608344549124,0,1,
simroute,1532477473000,-122.11050926124904,37.43713096643511,0,28.636608344549124,0,1,
simroute,1532477475000,-122.11092408203814,37.43752620804386,0,28.636608344549124,0,1,
simroute,1532477477000,-122.11118,37.43777,0,28.636608344549124,0,1,
simroute,1532477479000,-122.11159526843755,37.43816494748,0,28.636608344549124,0,1,
simroute,1532477481000,-122.11201053906677,37.43855989495998,0,28.636608344549124,0,1,
simroute,1532477483000,-122.11242581188759,37.438954842439955,0,28.636608344549124,0,1,
simroute,1532477485000,-122.11261,37.439130000000006,0,28.636608344549124,0,1,
simroute,1532477487000,-122.11302411627696,37.439525714411786,0,28.636608344549124,0,1,
simroute,1532477489000,-122.1134382347438,37.43992142882356,0,28.636608344549124,0,1,
simroute,1532477491000,-122.11351,37.43999,0,28.636608344549124,0,1,
simroute,1532477493000,-122.11392378842675,37.440385933699545,0,28.636608344549124,0,1,
simroute,1532477495000,-122.11433757904285,37.44078186739908,0,28.636608344549124,0,1,
simroute,1532477497000,-122.11475137184846,37.441177801098604,0,28.636608344549124,0,1,
simroute,1532477499000,-122.1149,37.441320000000005,0,28.636608344549124,0,1,
simroute,1532477501000,-122.11531341061465,37.44171618726191,0,28.636608344549124,0,1,
simroute,1532477503000,-122.11562,37.44201,0,28.636608344549124,0,1,
simroute,1532477505000,-122.11603508555618,37.44240508424366,0,28.636608344549124,0,1,
simroute,1532477507000,-122.11645000000001,37.442800000000005,0,28.636608344549124,0,1,
simroute,1532477509000,-122.1168684577334,37.443192838350875,0,28.636608344549124,0,1,
simroute,1532477511000,-122.11694000000001,37.44326,0,28.636608344549124,0,1,
simroute,1532477513000,-122.11735705572056,37.443653778790136,0,28.636608344549124,0,1,
simroute,1532477515000,-122.11777411363602,37.44404755758027,0,28.636608344549124,0,1,
simroute,1532477517000,-122.11819117374648,37.44444133637039,0,28.636608344549124,0,1,
simroute,1532477519000,-122.11860823605195,37.444835115160494,0,28.636608344549124,0,1,
simroute,1532477521000,-122.11891000000001,37.44512,0,28.636608344549124,0,1,
simroute,1532477523000,-122.1193263552243,37.44551425267987,0,28.636608344549124,0,1,
simroute,1532477525000,-122.11974271264268,37.44590850535973,0,28.636608344549124,0,1,
simroute,1532477527000,-122.12004,37.44619,0,28.636608344549124,0,1,
simroute,1532477529000,-122.12045540133408,37.44658489035844,0,28.636608344549124,0,1,
simroute,1532477531000,-122.12085,37.446960000000004,0,28.636608344549124,0,1,
simroute,1532477533000,-122.12126158895546,37.447357401368976,0,28.636608344549124,0,1,
simroute,1532477535000,-122.12167318009733,37.44775480273793,0,28.636608344549124,0,1,
simroute,1532477537000,-122.12201,37.448080000000004,0,28.636608344549124,0,1,
simroute,1532477539000,-122.1224238887807,37.44847589706069,0,28.636608344549124,0,1,
simroute,1532477541000,-122.12283777975176,37.44887179412137,0,28.636608344549124,0,1,
simroute,1532477543000,-122.12293000000001,37.44896,0,28.636608344549124,0,1,
simroute,1532477545000,-122.12334398757196,37.44935583516162,0,28.636608344549124,0,1,
simroute,1532477547000,-122.12375797733455,37.44975167032323,0,28.636608344549124,0,1,
simroute,1532477549000,-122.12407,37.450050000000005,0,28.636608344549124,0,1,
simroute,1532477551000,-122.12448495805398,37.45044519818084,0,28.636608344549124,0,1,
simroute,1532477553000,-122.12449000000001,37.450450000000004,0,28.636608344549124,0,1,
simroute,1532477555000,-122.12491870882633,37.45083583840343,0,28.636608344549124,0,1,
simroute,1532477557000,-122.12499000000001,37.450900000000004,0,28.636608344549124,0,1,
simroute,1532477559000,-122.12543206259664,37.45127622365813,0,28.636608344549124,0,1,
simroute,1532477561000,-122.12546,37.4513,0,28.636608344549124,0,1,
simroute,1532477563000,-122.12591078567846,37.45166964454919,0,28.636608344549124,0,1,
simroute,1532477565000,-122.12596,37.451710000000006,0,28.636608344549124,0,1,
simroute,1532477567000,-122.12643365715007,37.452061160193566,0,28.636608344549124,0,1,
simroute,1532477569000,-122.12654,37.45214,0,28.636608344549124,0,1,
simroute,1532477571000,-122.12703630079739,37.452470867720876,0,28.636608344549124,0,1,
simroute,1532477573000,-122.12714000000001,37.452540000000006,0,28.636608344549124,0,1,
simroute,1532477575000,-122.1276484535353,37.45285902967666,0,28.636608344549124,0,1,
simroute,1532477577000,-122.12765000000002,37.45286,0,28.636608344549124,0,1,
simroute,1532477579000,-122.12817504208459,37.453161623928466,0,28.636608344549124,0,1,
simroute,1532477581000,-122.12870008628647,37.45346324785691,0,28.636608344549124,0,1,
simroute,1532477583000,-122.12906000000001,37.45367,0,28.636608344549124,0,1,
simroute,1532477585000,-122.12958497045747,37.45397170872243,0,28.636608344549124,0,1,
simroute,1532477587000,-122.12993000000002,37.454170000000005,0,28.636608344549124,0,1,
simroute,1532477589000,-122.13045364350972,37.45447316224298,0,28.636608344549124,0,1,
simroute,1532477591000,-122.13050000000001,37.4545,0,28.636608344549124,0,1,
simroute,1532477593000,-122.13102633717057,37.45480021083903,0,28.636608344549124,0,1,
simroute,1532477595000,-122.13155267645391,37.45510042167803,0,28.636608344549124,0,1,
simroute,1532477597000,-122.13185000000001,37.455270000000006,0,28.636608344549124,0,1,
simroute,1532477599000,-122.13237881534565,37.45556745984278,0,28.636608344549124,0,1,
simroute,1532477601000,-122.13265000000001,37.45572000000001,0,28.636608344549124,0,1,
simroute,1532477603000,-122.13317073451901,37.456026315156045,0,28.636608344549124,0,1,
simroute,1532477605000,-122.13333000000002,37.456120000000006,0,28.636608344549124,0,1,
simroute,1532477607000,-122.13384028559256,37.45643720565703,0,28.636608344549124,0,1,
simroute,1532477609000,-122.13407000000001,37.45658,0,28.636608344549124,0,1,
simroute,1532477611000,-122.13458183494566,37.45689563196938,0,28.636608344549124,0,1,
simroute,1532477613000,-122.13467000000001,37.456950000000006,0,28.636608344549124,0,1,
simroute,1532477615000,-122.13519478808837,37.45725193380313,0,28.636608344549124,0,1,
simroute,1532477617000,-122.1354,37.457370000000004,0,28.636608344549124,0,1,
simroute,1532477619000,-122.13593100806548,37.457665004919235,0,28.636608344549124,0,1,
simroute,1532477621000,-122.13603,37.45772,0,28.636608344549124,0,1,
simroute,1532477623000,-122.13654266219356,37.458034792847016,0,28.636608344549124,0,1,
simroute,1532477625000,-122.13660000000002,37.458070000000006,0,28.636608344549124,0,1,
simroute,1532477627000,-122.13712528741866,37.45837139480391,0,28.636608344549124,0,1,
simroute,1532477629000,-122.13721000000001,37.458420000000004,0,28.636608344549124,0,1,
simroute,1532477631000,-122.13773074665528,37.45872632229503,0,28.636608344549124,0,1,
simroute,1532477633000,-122.13789000000001,37.45882,0,28.636608344549124,0,1,
simroute,1532477635000,-122.13841366372594,37.45912317567737,0,28.636608344549124,0,1,
simroute,1532477637000,-122.13884000000002,37.45937,0,28.636608344549124,0,1,
simroute,1532477639000,-122.1393620568744,37.45967492095946,0,28.636608344549124,0,1,
simroute,1532477641000,-122.13988411587758,37.4599798419189,0,28.636608344549124,0,1,
simroute,1532477643000,-122.13997,37.46003,0,28.636608344549124,0,1,
simroute,1532477645000,-122.14049229088232,37.460334673332646,0,28.636608344549124,0,1,
simroute,1532477647000,-122.14101458389274,37.46063934666527,0,28.636608344549124,0,1,
simroute,1532477649000,-122.14129000000001,37.460800000000006,0,28.636608344549124,0,1,
simroute,1532477651000,-122.14181008975794,37.46110704237178,0,28.636608344549124,0,1,
simroute,1532477653000,-122.14212,37.461290000000005,0,28.636608344549124,0,1,
simroute,1532477655000,-122.1426405538308,37.4615965501153,0,28.636608344549124,0,1,
simroute,1532477657000,-122.14302,37.46182,0,28.636608344549124,0,1,
simroute,1532477659000,-122.14354367744,37.46212318361719,0,28.636608344549124,0,1,
simroute,1532477661000,-122.14397000000001,37.46237,0,28.636608344549124,0,1,
simroute,1532477663000,-122.14449321622845,37.46267368908038,0,28.636608344549124,0,1,
simroute,1532477665000,-122.14501643458203,37.462977378160744,0,28.636608344549124,0,1,
simroute,1532477667000,-122.14540000000001,37.4632,0,28.636608344549124,0,1,
simroute,1532477669000,-122.14592259395079,37.46350436967688,0,28.636608344549124,0,1,
simroute,1532477671000,-122.14631000000001,37.463730000000005,0,28.636608344549124,0,1,
simroute,1532477673000,-122.14682926529247,37.464037941954075,0,28.636608344549124,0,1,
simroute,1532477675000,-122.14734853272364,37.46434588390813,0,28.636608344549124,0,1,
simroute,1532477677000,-122.14786780229355,37.46465382586217,0,28.636608344549124,0,1,
simroute,1532477679000,-122.14803,37.46475,0,28.636608344549124,0,1,
simroute,1532477681000,-122.14855369187353,37.46505319024292,0,28.636608344549124,0,1,
simroute,1532477683000,-122.14860000000002,37.46508,0,28.636608344549124,0,1,
simroute,1532477685000,-122.1491181389286,37.46538914483795,0,28.636608344549124,0,1,
simroute,1532477687000,-122.1496362799997,37.46569828967588,0,28.636608344549124,0,1,
simroute,1532477689000,-122.14979000000001,37.465790000000005,0,28.636608344549124,0,1,
simroute,1532477691000,-122.15031502628437,37.46609174080719,0,28.636608344549124,0,1,
simroute,1532477693000,-122.15066000000002,37.46629,0,28.636608344549124,0,1,
simroute,1532477695000,-122.15118045268582,37.46659669551502,0,28.636608344549124,0,1,
simroute,1532477697000,-122.15122000000001,37.466620000000006,0,28.636608344549124,0,1,
simroute,1532477699000,-122.15173974342991,37.466927454739434,0,28.636608344549124,0,1,
simroute,1532477701000,-122.15193000000001,37.467040000000004,0,28.636608344549124,0,1,
simroute,1532477703000,-122.15244871564136,37.46734854934883,0,28.636608344549124,0,1,
simroute,1532477705000,-122.15296743342367,37.46765709869762,0,28.636608344549124,0,1,
simroute,1532477707000,-122.15309,37.46773,0,28.636608344549124,0,1,
simroute,1532477709000,-122.15360709787882,37.468040260281576,0,28.636608344549124,0,1,
simroute,1532477711000,-122.15394,37.46824,0,28.636608344549124,0,1,
simroute,1532477713000,-122.15445709941616,37.468550262371274,0,28.636608344549124,0,1,
simroute,1532477715000,-122.15497420097859,37.46886052474254,0,28.636608344549124,0,1,
simroute,1532477717000,-122.15504000000001,37.468900000000005,0,28.636608344549124,0,1,
simroute,1532477719000,-122.15556193035479,37.4692051291024,0,28.636608344549124,0,1,
simroute,1532477721000,-122.15569,37.469280000000005,0,28.636608344549124,0,1,
simroute,1532477723000,-122.15621846289525,37.46957796496303,0,28.636608344549124,0,1,
simroute,1532477725000,-122.15663,37.46981,0,28.636608344549124,0,1,
simroute,1532477727000,-122.15715607739162,37.47011061643756,0,28.636608344549124,0,1,
simroute,1532477729000,-122.15733000000002,37.47021,0,28.636608344549124,0,1,
simroute,1532477731000,-122.15784892699344,37.47051834871702,0,28.636608344549124,0,1,
simroute,1532477733000,-122.15802000000001,37.470620000000004,0,28.636608344549124,0,1,
simroute,1532477735000,-122.15854233958049,37.47092470064202,0,28.636608344549124,0,1,
simroute,1532477737000,-122.15906468129026,37.471229401284035,0,28.636608344549124,0,1,
simroute,1532477739000,-122.15910000000001,37.471250000000005,0,28.636608344549124,0,1,
simroute,1532477741000,-122.15962135795547,37.4715557625173,0,28.636608344549124,0,1,
simroute,1532477743000,-122.16014271804363,37.471861525034576,0,28.636608344549124,0,1,
simroute,1532477745000,-122.16043,37.472030000000004,0,28.636608344549124,0,1,
simroute,1532477747000,-122.16094996804588,37.472337255508634,0,28.636608344549124,0,1,
simroute,1532477749000,-122.16131000000001,37.472550000000005,0,28.636608344549124,0,1,
simroute,1532477751000,-122.16182711994577,37.47286027212102,0,28.636608344549124,0,1,
simroute,1532477753000,-122.16186,37.47288,0,28.636608344549124,0,1,
simroute,1532477755000,-122.16238268196093,37.4731843476808,0,28.636608344549124,0,1,
simroute,1532477757000,-122.16265000000001,37.47334,0,28.636608344549124,0,1,
simroute,1532477759000,-122.16317113644584,37.473646015915186,0,28.636608344549124,0,1,
simroute,1532477761000,-122.16369227502537,37.47395203183036,0,28.636608344549124,0,1,
simroute,1532477763000,-122.16421341573869,37.474258047745515,0,28.636608344549124,0,1,
simroute,1532477765000,-122.16473455858579,37.47456406366066,0,28.636608344549124,0,1,
simroute,1532477767000,-122.1652557035668,37.474870079575794,0,28.636608344549124,0,1,
simroute,1532477769000,-122.16546000000001,37.474990000000005,0,28.636608344549124,0,1,
simroute,1532477771000,-122.16598172176657,37.47529539947646,0,28.636608344549124,0,1,
simroute,1532477773000,-122.16628000000001,37.47547,0,28.636608344549124,0,1,
simroute,1532477775000,-122.1668006903177,37.47577650974617,0,28.636608344549124,0,1,
simroute,1532477777000,-122.16732138277087,37.47608301949232,0,28.636608344549124,0,1,
simroute,1532477779000,-122.16769000000001,37.4763,0,28.636608344549124,0,1,
simroute,1532477781000,-122.16820713560674,37.4766102829186,0,28.636608344549124,0,1,
simroute,1532477783000,-122.16854000000001,37.47681,0,28.636608344549124,0,1,
simroute,1532477785000,-122.16906297471769,37.47711406053786,0,28.636608344549124,0,1,
simroute,1532477787000,-122.16958595156319,37.47741812107571,0,28.636608344549124,0,1,
simroute,1532477789000,-122.17010893053657,37.477722181613544,0,28.636608344549124,0,1,
simroute,1532477791000,-122.17026000000001,37.477810000000005,0,28.636608344549124,0,1,
simroute,1532477793000,-122.17078475111822,37.478112134539245,0,28.636608344549124,0,1,
simroute,1532477795000,-122.17130950435808,37.47841426907846,0,28.636608344549124,0,1,
simroute,1532477797000,-122.17183425971962,37.47871640361767,0,28.636608344549124,0,1,
simroute,1532477799000,-122.17191000000001,37.47876,0,28.636608344549124,0,1,
simroute,1532477801000,-122.17243017021235,37.47906708986942,0,28.636608344549124,0,1,
simroute,1532477803000,-122.17274,37.47925,0,28.636608344549124,0,1,
simroute,1532477805000,-122.17325873670643,37.47955861676832,0,28.636608344549124,0,1,
simroute,1532477807000,-122.17353000000001,37.47972,0,28.636608344549124,0,1,
simroute,1532477809000,-122.17405375825848,37.48002323213902,0,28.636608344549124,0,1,
simroute,1532477811000,-122.17457751864242,37.480326464278036,0,28.636608344549124,0,1,
simroute,1532477813000,-122.17486000000001,37.48049,0,28.636608344549124,0,1,
simroute,1532477815000,-122.17538215256593,37.48079497685152,0,28.636608344549124,0,1,
simroute,1532477817000,-122.17590430726301,37.48109995370303,0,28.636608344549124,0,1,
simroute,1532477819000,-122.17599000000001,37.48115,0,28.636608344549124,0,1,
simroute,1532477821000,-122.17651084887046,37.4814563824217,0,28.636608344549124,0,1,
simroute,1532477823000,-122.17667000000002,37.481550000000006,0,28.636608344549124,0,1,
simroute,1532477825000,-122.1771984352037,37.4818480927797,0,28.636608344549124,0,1,
simroute,1532477827000,-122.17745000000001,37.48199,0,28.636608344549124,0,1,
simroute,1532477829000,-122.17798649846748,37.48227888428309,0,28.636608344549124,0,1,
simroute,1532477831000,-122.17810000000001,37.48234,0,28.636608344549124,0,1,
simroute,1532477833000,-122.17865671205499,37.48260370576363,0,28.636608344549124,0,1,
simroute,1532477835000,-122.17867000000001,37.48261,0,28.636608344549124,0,1,
simroute,1532477837000,-122.17923931057055,37.48285618900752,0,28.636608344549124,0,1,
simroute,1532477839000,-122.17941,37.48293,0,28.636608344549124,0,1,
simroute,1532477841000,-122.17998628495405,37.483165753247114,0,28.636608344549124,0,1,
simroute,1532477843000,-122.18007000000001,37.483200000000004,0,28.636608344549124,0,1,
simroute,1532477845000,-122.18064403817368,37.48343918312013,0,28.636608344549124,0,1,
simroute,1532477847000,-122.18079000000002,37.48350000000001,0,28.636608344549124,0,1,
simroute,1532477849000,-122.181388715813,37.48369744999046,0,28.636608344549124,0,1,
simroute,1532477851000,-122.18173000000002,37.483810000000005,0,28.636608344549124,0,1,
simroute,1532477853000,-122.18233302896545,37.483999009302025,0,28.636608344549124,0,1,
simroute,1532477855000,-122.18240000000002,37.48402,0,28.636608344549124,0,1,
simroute,1532477857000,-122.18300363162189,37.48420779749021,0,28.636608344549124,0,1,
simroute,1532477859000,-122.18330000000002,37.484300000000005,0,28.636608344549124,0,1,
simroute,1532477861000,-122.18391274065942,37.484468204621564,0,28.636608344549124,0,1,
simroute,1532477863000,-122.18432000000001,37.48458,0,28.636608344549124,0,1,
simroute,1532477865000,-122.18493679525693,37.484738604756316,0,28.636608344549124,0,1,
simroute,1532477867000,-122.18502000000001,37.48476,0,28.636608344549124,0,1,
simroute,1532477869000,-122.18564162145475,37.4849062640515,0,28.636608344549124,0,1,
simroute,1532477871000,-122.18570000000001,37.48492,0,28.636608344549124,0,1,
simroute,1532477873000,-122.18632700065518,37.48505101519166,0,28.636608344549124,0,1,
simroute,1532477875000,-122.18637000000001,37.485060000000004,0,28.636608344549124,0,1,
simroute,1532477877000,-122.18699871377873,37.48518574326721,0,28.636608344549124,0,1,
simroute,1532477879000,-122.18717000000001,37.485220000000005,0,28.636608344549124,0,1,
simroute,1532477881000,-122.187801317837,37.4853372449439,0,28.636608344549124,0,1,
simroute,1532477883000,-122.18787,37.485350000000004,0,28.636608344549124,0,1,
simroute,1532477885000,-122.18850757926941,37.48544351194886,0,28.636608344549124,0,1,
simroute,1532477887000,-122.18862000000001,37.48546,0,28.636608344549124,0,1,
simroute,1532477889000,-122.18925954447502,37.485544645707385,0,28.636608344549124,0,1,
simroute,1532477891000,-122.1893,37.48555,0,28.636608344549124,0,1,
simroute,1532477893000,-122.18994047987354,37.48563007244805,0,28.636608344549124,0,1,
simroute,1532477895000,-122.19058096043352,37.485710144896096,0,28.636608344549124,0,1,
simroute,1532477897000,-122.19122144168,37.48579021734414,0,28.636608344549124,0,1,
simroute,1532477899000,-122.19186192361292,37.485870289792175,0,28.636608344549124,0,1,
simroute,1532477901000,-122.19250240623239,37.48595036224021,0,28.636608344549124,0,1,
simroute,1532477903000,-122.19314288953831,37.48603043468823,0,28.636608344549124,0,1,
simroute,1532477905000,-122.19378337353072,37.48611050713625,0,28.636608344549124,0,1,
simroute,1532477907000,-122.19434000000001,37.486180000000004,0,28.636608344549124,0,1,
simroute,1532477909000,-122.19498024897467,37.48626125364119,0,28.636608344549124,0,1,
simroute,1532477911000,-122.19562049864572,37.48634250728238,0,28.636608344549124,0,1,
simroute,1532477913000,-122.19626074901316,37.48642376092356,0,28.636608344549124,0,1,
simroute,1532477915000,-122.19631000000001,37.486430000000006,0,28.636608344549124,0,1,
simroute,1532477917000,-122.19695004064118,37.48651229110979,0,28.636608344549124,0,1,
simroute,1532477919000,-122.19701,37.486520000000006,0,28.636608344549124,0,1,
simroute,1532477921000,-122.19765031009376,37.48660096433229,0,28.636608344549124,0,1,
simroute,1532477923000,-122.19829062088144,37.48668192866457,0,28.636608344549124,0,1,
simroute,1532477925000,-122.19893093236311,37.486762892996836,0,28.636608344549124,0,1,
simroute,1532477927000,-122.19957124453873,37.4868438573291,0,28.636608344549124,0,1,
simroute,1532477929000,-122.19962000000001,37.486850000000004,0,28.636608344549124,0,1,
simroute,1532477931000,-122.20026055048845,37.486929772356035,0,28.636608344549124,0,1,
simroute,1532477933000,-122.20090110166092,37.487009544712066,0,28.636608344549124,0,1,
simroute,1532477935000,-122.20154165351738,37.4870893170681,0,28.636608344549124,0,1,
simroute,1532477937000,-122.20218220605784,37.48716908942412,0,28.636608344549124,0,1,
simroute,1532477939000,-122.20227000000001,37.48718,0,28.636608344549124,0,1,
simroute,1532477941000,-122.2029111607888,37.48725663804225,0,28.636608344549124,0,1,
simroute,1532477943000,-122.20355232223534,37.4873332760845,0,28.636608344549124,0,1,
simroute,1532477945000,-122.20419348433967,37.48740991412673,0,28.636608344549124,0,1,
simroute,1532477947000,-122.20478000000001,37.487480000000005,0,28.636608344549124,0,1,
simroute,1532477949000,-122.20542035786355,37.48756076718808,0,28.636608344549124,0,1,
simroute,1532477951000,-122.20589000000001,37.48762,0,28.636608344549124,0,1,
simroute,1532477953000,-122.20653124953634,37.4876961891049,0,28.636608344549124,0,1,
simroute,1532477955000,-122.2069,37.48774,0,28.636608344549124,0,1,
simroute,1532477957000,-122.20753654489948,37.48783793189806,0,28.636608344549124,0,1,
simroute,1532477959000,-122.20817309063341,37.48793586379612,0,28.636608344549124,0,1,
simroute,1532477961000,-122.2082,37.48794,0,28.636608344549124,0,1,
simroute,1532477963000,-122.20883155911537,37.488056502371116,0,28.636608344549124,0,1,
simroute,1532477965000,-122.20923,37.488130000000005,0,28.636608344549124,0,1,
simroute,1532477967000,-122.2098587379835,37.48825574840677,0,28.636608344549124,0,1,
simroute,1532477969000,-122.21013,37.488310000000006,0,28.636608344549124,0,1,
simroute,1532477971000,-122.21075333919993,37.48845166811209,0,28.636608344549124,0,1,
simroute,1532477973000,-122.21079,37.48846,0,28.636608344549124,0,1,
simroute,1532477975000,-122.21140843619463,37.48861460974075,0,28.636608344549124,0,1,
simroute,1532477977000,-122.21163000000001,37.488670000000006,0,28.636608344549124,0,1,
simroute,1532477979000,-122.21224319737883,37.48883723614972,0,28.636608344549124,0,1,
simroute,1532477981000,-122.21240000000002,37.48888,0,28.636608344549124,0,1,
simroute,1532477983000,-122.21300486530993,37.48906536199991,0,28.636608344549124,0,1,
simroute,1532477985000,-122.21302000000001,37.489070000000005,0,28.636608344549124,0,1,
simroute,1532477987000,-122.21362145759815,37.48926221964488,0,28.636608344549124,0,1,
simroute,1532477989000,-122.21399000000001,37.489380000000004,0,28.636608344549124,0,1,
simroute,1532477991000,-122.21458288809919,37.48958831254655,0,28.636608344549124,0,1,
simroute,1532477993000,-122.21473,37.48964,0,28.636608344549124,0,1,
simroute,1532477995000,-122.21531677325152,37.48985894553993,0,28.636608344549124,0,1,
simroute,1532477997000,-122.21540000000002,37.48989,0,28.636608344549124,0,1,
simroute,1532477999000,-122.21598065336224,37.49011899053124,0,28.636608344549124,0,1,
simroute,1532478001000,-122.21611000000001,37.490170000000006,0,28.636608344549124,0,1,
simroute,1532478003000,-122.21667902312197,37.49041669077083,0,28.636608344549124,0,1,
simroute,1532478005000,-122.21724804812317,37.490663381541644,0,28.636608344549124,0,1,
simroute,1532478007000,-122.21781707500367,37.49091007231245,0,28.636608344549124,0,1,
simroute,1532478009000,-122.21784000000001,37.49092,0,28.636608344549124,0,1,
simroute,1532478011000,-122.2184041313331,37.491173673409186,0,28.636608344549124,0,1,
simroute,1532478013000,-122.21896826458214,37.49142734681836,0,28.636608344549124,0,1,
simroute,1532478015000,-122.21933000000001,37.49159,0,28.636608344549124,0,1,
simroute,1532478017000,-122.2198957264585,37.49184143423096,0,28.636608344549124,0,1,
simroute,1532478019000,-122.21996000000001,37.491870000000006,0,28.636608344549124,0,1,
simroute,1532478021000,-122.22052783342156,37.49211842924679,0,28.636608344549124,0,1,
simroute,1532478023000,-122.22108000000001,37.492360000000005,0,28.636608344549124,0,1,
simroute,1532478025000,-122.22164532333335,37.49261201263513,0,28.636608344549124,0,1,
simroute,1532478027000,-122.22191000000001,37.49273,0,28.636608344549124,0,1,
simroute,1532478029000,-122.22247532546197,37.49298201358402,0,28.636608344549124,0,1,
simroute,1532478031000,-122.22274000000002,37.493100000000005,0,28.636608344549124,0,1,
simroute,1532478033000,-122.22331015704094,37.493345069673,0,28.636608344549124,0,1,
simroute,1532478035000,-122.22388000000001,37.493590000000005,0,28.636608344549124,0,1,
simroute,1532478037000,-122.22446350603661,37.493814426109,0,28.636608344549124,0,1,
simroute,1532478039000,-122.22466000000001,37.49389,0,28.636608344549124,0,1,
simroute,1532478041000,-122.22524813897763,37.494106683390896,0,28.636608344549124,0,1,
simroute,1532478043000,-122.22542000000001,37.494170000000004,0,28.636608344549124,0,1,
simroute,1532478045000,-122.22601923318484,37.49436662352693,0,28.636608344549124,0,1,
simroute,1532478047000,-122.22606,37.49438,0,28.636608344549124,0,1,
simroute,1532478049000,-122.22666351864211,37.49456819507213,0,28.636608344549124,0,1,
simroute,1532478051000,-122.22699000000001,37.494670000000006,0,28.636608344549124,0,1,
simroute,1532478053000,-122.22759984778565,37.49484488525265,0,28.636608344549124,0,1,
simroute,1532478055000,-122.22820969699939,37.49501977050527,0,28.636608344549124,0,1,
simroute,1532478057000,-122.22835,37.49506,0,14.147058823529411,0,1,
simroute,1532478059000,-122.22860313593162,37.49521577597407,0,14.147058823529411,0,1,
simroute,1532478061000,-122.22861,37.49522,0,14.147058823529411,0,1,
simroute,1532478063000,-122.22891160253454,37.49530568346194,0,14.147058823529411,0,1,
simroute,1532478065000,-122.22921320541508,37.495391366923876,0,14.147058823529411,0,1,
simroute,1532478067000,-122.22949000000001,37.495470000000005,0,14.147058823529411,0,1,
simroute,1532478069000,-122.2297841736812,37.495570638510586,0,14.147058823529411,0,1,
simroute,1532478071000,-122.22987,37.4956,0,14.147058823529411,0,1,
simroute,1532478073000,-122.23015892630099,37.49570979236931,0,14.147058823529411,0,1,
simroute,1532478075000,-122.23037000000001,37.49579000000001,0,14.147058823529411,0,1,
simroute,1532478077000,-122.23066086880999,37.49589651607157,0,14.147058823529411,0,1,
simroute,1532478079000,-122.23095173803483,37.49600303214312,0,14.147058823529411,0,1,
simroute,1532478081000,-122.23108,37.496050000000004,0,14.147058823529411,0,1,
simroute,1532478083000,-122.23134241971366,37.49619578874639,0,14.147058823529411,0,1,
simroute,1532478085000,-122.23135,37.4962,0,14.147058823529411,0,1,
simroute,1532478087000,-122.2315379385181,37.49640583750866,0,14.147058823529411,0,1,
simroute,1532478089000,-122.23156000000002,37.496430000000004,0,14.147058823529411,0,1,
simroute,1532478091000,-122.23163998886776,37.49667612011706,0,14.147058823529411,0,1,
simroute,1532478093000,-122.23169000000001,37.49683,0,14.147058823529411,0,1,
simroute,1532478095000,-122.23180401397752,37.497067529162365,0,14.147058823529411,0,1,
simroute,1532478097000,-122.23181000000001,37.497080000000004,0,14.147058823529411,0,1,
simroute,1532478099000,-122.23205722542468,37.497241647424474,0,14.147058823529411,0,1,
simroute,1532478101000,-122.23207000000001,37.49725,0,14.147058823529411,0,1,
simroute,1532478103000,-122.23235666522908,37.497363472003066,0,14.147058823529411,0,1,
simroute,1532478105000,-122.23255,37.497440000000005,0,5.785310734463277,0,1,
simroute,1532478107000,-122.2326040955237,37.49734533387539,0,5.785310734463277,0,1,
simroute,1532478109000,-122.2326581909789,37.49725066775076,0,5.785310734463277,0,1,
simroute,1532478111000,-122.23271228636548,37.497156001626145,0,5.785310734463277,0,1,
simroute,1532478113000,-122.23276638168352,37.49706133550152,0,5.785310734463277,0,1,
simroute,1532478115000,-122.23282047693294,37.496966669376896,0,5.785310734463277,0,1,
simroute,1532478117000,-122.23287457211381,37.49687200325228,0,5.785310734463277,0,1,
simroute,1532478119000,-122.23292866722613,37.496777337127654,0,5.785310734463277,0,1,
simroute,1532478121000,-122.2329827622699,37.496682671003036,0,5.785310734463277,0,1,
simroute,1532478123000,-122.23303000000001,37.4966,0,5.785310734463277,0,1,
simroute,1532478125000,-122.23307560964804,37.49650256172606,0,5.785310734463277,0,1,
simroute,1532478127000,-122.23312121923658,37.496405123452114,0,5.785310734463277,0,1,
simroute,1532478129000,-122.2331668287656,37.49630768517818,0,5.785310734463277,0,1,
simroute,1532478131000,-122.23321243823511,37.496210246904226,0,5.785310734463277,0,1,
simroute,1532478133000,-122.23325000000001,37.49613,0,5.785310734463277,0,1,
simroute,1532478135000,-122.23329281925209,37.49603176800485,0,5.785310734463277,0,1,
simroute,1532478137000,-122.2333356384479,37.4959335360097,0,5.785310734463277,0,1,
simroute,1532478139000,-122.23337845758732,37.49583530401455,0,5.785310734463277,0,1,
simroute,1532478141000,-122.23342000000001,37.495740000000005,0,5.785310734463277,0,1,
simroute,1532478143000,-122.23347073370212,37.49564416977737,0,5.785310734463277,0,1,
simroute,1532478145000,-122.23351000000001,37.49557,0,5.785310734463277,0,1,
simroute,1532478147000,-122.23357588313911,37.49548015944039,0,5.785310734463277,0,1,
simroute,1532478149000,-122.23362000000002,37.49542,0,5.785310734463277,0,1,
simroute,1532478151000,-122.23368547501593,37.49532997188114,0,5.785310734463277,0,1,
simroute,1532478153000,-122.23370000000001,37.49531,0,5.785310734463277,0,1,
simroute,1532478155000,-122.23376699208404,37.49522067726454,0,5.785310734463277,0,1,
simroute,1532478157000,-122.23379000000001,37.49519,0,5.785310734463277,0,1,
simroute,1532478159000,-122.23386663668794,37.49510569967984,0,5.785310734463277,0,1,
simroute,1532478161000,-122.23389000000002,37.49508,0,5.785310734463277,0,1,
simroute,1532478163000,-122.23398432534901,37.49500786893676,0,5.785310734463277,0,1,
simroute,1532478165000,-122.23406000000001,37.49495,0,5.785310734463277,0,1,
simroute,1532478167000,-122.23415392683279,37.494877542450595,0,5.785310734463277,0,1,
simroute,1532478169000,-122.23424785357446,37.49480508490118,0,5.785310734463277,0,1,
simroute,1532478171000,-122.23434178022495,37.49473262735178,0,5.785310734463277,0,1,
simroute,1532478173000,-122.23441000000001,37.49468,0,5.785310734463277,0,1,
simroute,1532478175000,-122.23451178700554,37.49461456553437,0,5.785310734463277,0,1,
simroute,1532478177000,-122.23455000000001,37.49459,0,5.785310734463277,0,1,
simroute,1532478179000,-122.23464939895712,37.49452229407614,0,5.785310734463277,0,1,
simroute,1532478181000,-122.23474879782407,37.49445458815228,0,5.785310734463277,0,1,
simroute,1532478183000,-122.23484819660092,37.49438688222841,0,5.785310734463277,0,1,
simroute,1532478185000,-122.23494759528762,37.49431917630455,0,5.785310734463277,0,1,
simroute,1532478187000,-122.23504699388428,37.494251470380696,0,5.785310734463277,0,1,
simroute,1532478189000,-122.23514639239079,37.494183764456835,0,5.785310734463277,0,1,
simroute,1532478191000,-122.23524,37.49412,0,5.785310734463277,0,1,
simroute,1532478193000,-122.23533273608223,37.49404658410708,0,5.785310734463277,0,1,
simroute,1532478195000,-122.2354254720733,37.49397316821416,0,5.785310734463277,0,1,
simroute,1532478197000,-122.23548000000001,37.493930000000006,0,5.785310734463277,0,1,
simroute,1532478199000,-122.23557599283947,37.49385926853773,0,5.785310734463277,0,1,
simroute,1532478201000,-122.23567000000001,37.493790000000004,0,5.785310734463277,0,1,
simroute,1532478203000,-122.23576857781131,37.493721543461625,0,5.785310734463277,0,1,
simroute,1532478205000,-122.23586715553222,37.493653086923246,0,5.785310734463277,0,1,
simroute,1532478207000,-122.2359657331628,37.493584630384866,0,5.785310734463277,0,1,
simroute,1532478209000,-122.23603000000001,37.49354,0,5.785310734463277,0,1,
simroute,1532478211000,-122.23612657125477,37.4934697663748,0,5.785310734463277,0,1,
simroute,1532478213000,-122.23614,37.493460000000006,0,5.785310734463277,0,1,
simroute,1532478215000,-122.23623717200667,37.493390290038924,0,5.785310734463277,0,1,
simroute,1532478217000,-122.23633434392264,37.493320580077835,0,5.785310734463277,0,1,
simroute,1532478219000,-122.23643151574794,37.49325087011676,0,5.785310734463277,0,1,
simroute,1532478221000,-122.23652868748252,37.49318116015567,0,5.785310734463277,0,1,
simroute,1532478223000,-122.23660000000001,37.49313,0,5.785310734463277,0,1,
simroute,1532478225000,-122.23669558609384,37.49305892348793,0,5.785310734463277,0,1,
simroute,1532478227000,-122.23679117209679,37.49298784697584,0,5.785310734463277,0,1,
simroute,1532478229000,-122.23688675800872,37.49291677046376,0,5.785310734463277,0,1,
simroute,1532478231000,-122.23698234382971,37.49284569395169,0,5.785310734463277,0,1,
simroute,1532478233000,-122.23699,37.49284,0,5.785310734463277,0,1,
simroute,1532478235000,-122.23708355040083,37.492767238676755,0,5.785310734463277,0,1,
simroute,1532478237000,-122.23717,37.492700000000006,0,5.785310734463277,0,1,
simroute,1532478239000,-122.23725829884853,37.492623218572014,0,5.785310734463277,0,1,
simroute,1532478241000,-122.23734659760623,37.492546437144036,0,5.785310734463277,0,1,
simroute,1532478243000,-122.23740000000001,37.4925,0,5.785310734463277,0,1,
simroute,1532478245000,-122.23749585391818,37.49242915160005,0,5.785310734463277,0,1,
simroute,1532478247000,-122.23759170774542,37.4923583032001,0,5.785310734463277,0,1,
simroute,1532478249000,-122.23763000000001,37.49233,0,5.785310734463277,0,1,
simroute,1532478251000,-122.23772812749183,37.492261139102645,0,5.785310734463277,0,1,
simroute,1532478253000,-122.2378262548932,37.49219227820529,0,5.785310734463277,0,1,
simroute,1532478255000,-122.23792438220414,37.49212341730794,0,5.785310734463277,0,1,
simroute,1532478257000,-122.23802250942458,37.49205455641059,0,5.785310734463277,0,1,
simroute,1532478259000,-122.23812063655453,37.491985695513236,0,5.785310734463277,0,1,
simroute,1532478261000,-122.2382,37.49193,0,5.785310734463277,0,1,
simroute,1532478263000,-122.23829823479844,37.491861235960535,0,5.785310734463277,0,1,
simroute,1532478265000,-122.23839646950637,37.491792471921066,0,5.785310734463277,0,1,
simroute,1532478267000,-122.23849470412387,37.4917237078816,0,5.785310734463277,0,1,
simroute,1532478269000,-122.23859293865098,37.49165494384213,0,5.785310734463277,0,1,
simroute,1532478271000,-122.2386,37.49165,0,5.785310734463277,0,1,
simroute,1532478273000,-122.23869657000216,37.49157976740579,0,5.785310734463277,0,1,
simroute,1532478275000,-122.23879313991347,37.491509534811584,0,5.785310734463277,0,1,
simroute,1532478277000,-122.23882,37.491490000000006,0,5.785310734463277,0,1,
simroute,1532478279000,-122.23891620298923,37.4914194512003,0,5.785310734463277,0,1,
simroute,1532478281000,-122.23897000000001,37.49138000000001,0,5.785310734463277,0,1,
simroute,1532478283000,-122.23905539182465,37.49130117683676,0,5.785310734463277,0,1,
simroute,1532478285000,-122.23910000000001,37.491260000000004,0,5.785310734463277,0,1,
simroute,1532478287000,-122.23917871241548,37.49117691482509,0,5.785310734463277,0,1,
simroute,1532478289000,-122.23925742474341,37.491093829650175,0,5.785310734463277,0,1,
simroute,1532478291000,-122.23928000000001,37.49107,0,5.785310734463277,0,1,
simroute,1532478293000,-122.23935855684556,37.490986822301636,0,5.785310734463277,0,1,
simroute,1532478295000,-122.23943711360363,37.490903644603264,0,5.785310734463277,0,1,
simroute,1532478297000,-122.23945,37.49089,0,5.785310734463277,0,1,
simroute,1532478299000,-122.23952612849638,37.49080541280371,0,5.785310734463277,0,1,
simroute,1532478301000,-122.23954,37.490790000000004,0,5.785310734463277,0,1,
simroute,1532478303000,-122.2396174046745,37.490706145186756,0,5.785310734463277,0,1,
simroute,1532478305000,-122.23969480926212,37.49062229037351,0,5.785310734463277,0,1,
simroute,1532478307000,-122.23977221376282,37.49053843556026,0,5.785310734463277,0,1,
simroute,1532478309000,-122.23978000000001,37.49053,0,6.3375,0,1,
simroute,1532478311000,-122.23978758017023,37.490416297501646,0,6.3375,0,1,
simroute,1532478313000,-122.23979000000001,37.49038,0,6.3375,0,1,
simroute,1532478315000,-122.23969419871275,37.490295228021246,0,6.3375,0,1,
simroute,1532478317000,-122.23959839753422,37.4902104560425,0,6.3375,0,1,
simroute,1532478319000,-122.23950259646438,37.49012568406374,0,6.3375,0,1,
simroute,1532478321000,-122.23940679550327,37.49004091208498,0,6.3375,0,1,
simroute,1532478323000,-122.23931099465085,37.489956140106216,0,6.3375,0,1,
simroute,1532478325000,-122.23921519390723,37.48987136812747,0,6.3375,0,1,
simroute,1532478327000,-122.23911939327229,37.48978659614872,0,6.3375,0,1,
simroute,1532478329000,-122.2390235927461,37.48970182416997,0,6.3375,0,1,
simroute,1532478331000,-122.23892779232858,37.48961705219122,0,6.3375,0,1,
simroute,1532478333000,-122.23883199201981,37.48953228021247,0,6.3375,0,1,
simroute,1532478335000,-122.23873619181973,37.48944750823371,0,6.3375,0,1,
simroute,1532478337000,-122.23864039172838,37.489362736254954,0,6.3375,0,1,
simroute,1532478339000,-122.23854459174578,37.4892779642762,0,6.3375,0,1,
simroute,1532478341000,-122.23844879187186,37.48919319229745,0,6.3375,0,1,
simroute,1532478343000,-122.23840000000001,37.48915,0,6.3375,0,1,
simroute,1532478345000,-122.23830608450203,37.489063910831455,0,6.3375,0,1,
simroute,1532478347000,-122.23828,37.48904,0,6.3375,0,1,
simroute,1532478349000,-122.23818538399792,37.488954395211366,0,6.3375,0,1,
simroute,1532478351000,-122.23809076810426,37.48886879042274,0,6.3375,0,1,
simroute,1532478353000,-122.23807000000001,37.488850000000006,0,6.3375,0,1,
simroute,1532478355000,-122.23797251760413,37.48876644477346,0,6.3375,0,1,
simroute,1532478357000,-122.2378750353173,37.488682889546915,0,6.3375,0,1,
simroute,1532478359000,-122.2377775531395,37.48859933432038,0,6.3375,0,1,
simroute,1532478361000,-122.23768007107071,37.48851577909383,0,6.3375,0,1,
simroute,1532478363000,-122.23758258911096,37.48843222386729,0,6.3375,0,1,
simroute,1532478365000,-122.23748510726023,37.48834866864074,0,6.3375,0,1,
simroute,1532478367000,-122.23738762551852,37.48826511341419,0,6.3375,0,1,
simroute,1532478369000,-122.23729014388584,37.48818155818765,0,6.3375,0,1,
simroute,1532478371000,-122.23719266236225,37.4880980029611,0,6.3375,0,1,
simroute,1532478373000,-122.23716,37.48807,0,6.3375,0,1,
simroute,1532478375000,-122.23706240300623,37.48798652979241,0,6.3375,0,1,
simroute,1532478377000,-122.23696480612159,37.48790305958481,0,6.3375,0,1,
simroute,1532478379000,-122.23686720934597,37.48781958937722,0,6.3375,0,1,
simroute,1532478381000,-122.23676961267938,37.48773611916962,0,6.3375,0,1,
simroute,1532478383000,-122.23667201612187,37.48765264896202,0,6.3375,0,1,
simroute,1532478385000,-122.23657441967339,37.48756917875443,0,6.3375,0,1,
simroute,1532478387000,-122.23647682333399,37.487485708546835,0,6.3375,0,1,
simroute,1532478389000,-122.2364,37.48742,0,6.3375,0,1,
simroute,1532478391000,-122.23630198707895,37.48733683783643,0,6.3375,0,1,
simroute,1532478393000,-122.23620397426697,37.48725367567287,0,6.3375,0,1,
simroute,1532478395000,-122.23610596156408,37.487170513509305,0,6.3375,0,1,
simroute,1532478397000,-122.23607000000001,37.487140000000004,0,5,0,1,
simroute,1532478399000,-122.23615141642705,37.487077580954285,0,5,0,1,
simroute,1532478401000,-122.23623283278607,37.48701516190858,0,5,0,1,
simroute,1532478403000,-122.23631424907705,37.48695274286287,0,5,0,1,
simroute,1532478405000,-122.23637000000001,37.48691,0,5,0,1,
simroute,1532478407000,-122.23645171412579,37.486847826578455,0,5,0,1,
simroute,1532478409000,-122.23653342818358,37.486785653156915,0,5,0,1,
simroute,1532478411000,-122.23661514217332,37.486723479735375,0,5,0,1,
simroute,1532478413000,-122.23669685609508,37.486661306313835,0,5,0,1,
simroute,1532478415000,-122.23677856994885,37.486599132892295,0,5,0,1,
simroute,1532478417000,-122.23683000000001,37.486560000000004,0,5,0,1,
simroute,1532478419000,-122.2369092471281,37.48649584769756,0,5,0,1,
simroute,1532478421000,-122.2369884941881,37.48643169539512,0,5,0,1,
simroute,1532478423000,-122.23704000000001,37.48639,0,5,0,1,
simroute,1532478425000,-122.23711806782325,37.486324943777994,0,5,0,1,
simroute,1532478427000,-122.23719613557847,37.486259887555995,0,5,0,1,
simroute,1532478429000,-122.23727420326571,37.486194831334,0,5,0,1,
simroute,1532478431000,-122.23735227088497,37.486129775112005,0,5,0,1,
simroute,1532478433000,-122.23740000000001,37.486090000000004,0,2.893617021276596,0,1,
simroute,1532478435000,-122.23744869410132,37.48605521851053,0,2.893617021276596,0,1,
simroute,1532478437000,-122.23747000000002,37.48604,0,2.893617021276596,0,1,
simroute,1532478439000,-122.23742386201036,37.48600308961057,0,2.893617021276596,0,1,
simroute,1532478441000,-122.23742000000001,37.486000000000004,0,2.893617021276596,0,1,
simroute,1532478443000,-122.23738386301682,37.485956635631915,0,2.893617021276596,0,1,
simroute,1532478445000,-122.23737000000001,37.48594000000001,0,2.893617021276596,0,1,
simroute,1532478447000,-122.23734943343356,37.48589064028964,0,2.893617021276596,0,1,
simroute,1532478449000,-122.23732886688072,37.48584128057928,0,2.893617021276596,0,1,
simroute,1532478451000,-122.23732000000001,37.485820000000004,0,2.893617021276596,0,1,
simroute,1532478453000,-122.23730213645564,37.48576998213846,0,2.893617021276596,0,1,
simroute,1532478455000,-122.23728427292326,37.48571996427691,0,2.893617021276596,0,1,
simroute,1532478457000,-122.23727000000001,37.48568,0,2.893617021276596,0,1,
simroute,1532478459000,-122.23725599026682,37.48562921488353,0,2.893617021276596,0,1,
simroute,1532478461000,-122.2372419805431,37.485578429767045,0,2.893617021276596,0,1,
simroute,1532478463000,-122.23722797082894,37.48552764465057,0,2.893617021276596,0,1,
simroute,1532478465000,-122.23721396112427,37.48547685953409,0,2.893617021276596,0,1,
simroute,1532478467000,-122.23719995142915,37.48542607441762,0,2.893617021276596,0,1,
simroute,1532478469000,-122.23719000000001,37.48539,0,2.893617021276596,0,1,
simroute,1532478471000,-122.23715769429197,37.48534477207531,0,2.893617021276596,0,1,
simroute,1532478473000,-122.23712538860343,37.485299544150614,0,2.893617021276596,0,1,
simroute,1532478475000,-122.2370930829345,37.485254316225934,0,2.893617021276596,0,1,
simroute,1532478477000,-122.23709000000001,37.48525,0,2.893617021276596,0,1,
simroute,1532478479000,-122.23704927587062,37.48520927591312,0,2.893617021276596,0,1,
simroute,1532478481000,-122.2370085517635,37.48516855182625,0,2.893617021276596,0,1,
simroute,1532478483000,-122.23699,37.485150000000004,0,2.893617021276596,0,1,
simroute,1532478485000,-122.23695223732261,37.485107517021696,0,2.893617021276596,0,1,
simroute,1532478487000,-122.23691447466672,37.48506503404338,0,2.893617021276596,0,1,
simroute,1532478489000,-122.23691000000001,37.485060000000004,0,2.893617021276596,0,1,
simroute,1532478491000,-122.23686927593707,37.48501927593653,0,2.893617021276596,0,1,
