simroute,1533607260000,-122.23687000000001,37.485020000000006,0,4.379310344827586,0,1,
simroute,1533607262000,-122.23692859134854,37.485083474032606,0,4.379310344827586,0,1,
simroute,1533607264000,-122.23698718274687,37.48514694806521,0,4.379310344827586,0,1,
simroute,1533607266000,-122.23699,37.485150000000004,0,4.379310344827586,0,1,
simroute,1533607268000,-122.23705163336979,37.4852116334114,0,4.379310344827586,0,1,
simroute,1533607270000,-122.23709000000001,37.48525,0,4.379310344827586,0,1,
simroute,1533607272000,-122.23713814710482,37.48531878161151,0,4.379310344827586,0,1,
simroute,1533607274000,-122.23716,37.485350000000004,0,4.379310344827586,0,1,
simroute,1533607276000,-122.23718703525577,37.48542569893143,0,4.379310344827586,0,1,
simroute,1533607278000,-122.23721407053893,37.485501397862855,0,4.379310344827586,0,1,
simroute,1533607280000,-122.23724110584948,37.48557709679428,0,4.379310344827586,0,1,
simroute,1533607282000,-122.23726,37.48563,0,4.379310344827586,0,1,
simroute,1533607284000,-122.23728410114325,37.48570632040679,0,4.379310344827586,0,1,
simroute,1533607286000,-122.23730820231117,37.48578264081358,0,4.379310344827586,0,1,
simroute,1533607288000,-122.23732000000001,37.485820000000004,0,4.379310344827586,0,1,
simroute,1533607290000,-122.23735112617771,37.48589470287427,0,4.379310344827586,0,1,
simroute,1533607292000,-122.23737000000001,37.48594000000001,0,4.379310344827586,0,1,
simroute,1533607294000,-122.23743163362161,37.48600163366321,0,4.379310344827586,0,1,
simroute,1533607296000,-122.23747000000002,37.48604,0,2.9491525423728815,0,1,
simroute,1533607298000,-122.23742037136071,37.48607544903923,0,2.9491525423728815,0,1,
simroute,1533607300000,-122.23740000000001,37.486090000000004,0,2.9491525423728815,0,1,
simroute,1533607302000,-122.23735410902123,37.48612848937322,0,2.9491525423728815,0,1,
simroute,1533607304000,-122.23730821801877,37.486166978746446,0,2.9491525423728815,0,1,
simroute,1533607306000,-122.23726232699266,37.486205468119664,0,2.9491525423728815,0,1,
simroute,1533607308000,-122.23721643594297,37.48624395749289,0,2.9491525423728815,0,1,
simroute,1533607310000,-122.23717054486963,37.4862824468661,0,2.9491525423728815,0,1,
simroute,1533607312000,-122.23712465377264,37.48632093623932,0,2.9491525423728815,0,1,
simroute,1533607314000,-122.23709000000001,37.48635,0,2.9491525423728815,0,1,
simroute,1533607316000,-122.23704297640472,37.48638761887799,0,2.9491525423728815,0,1,
simroute,1533607318000,-122.23704000000001,37.48639,0,2.9491525423728815,0,1,
simroute,1533607320000,-122.23699325777511,37.48642783904308,0,2.9491525423728815,0,1,
simroute,1533607322000,-122.23694651552648,37.486465678086155,0,2.9491525423728815,0,1,
simroute,1533607324000,-122.23689977325421,37.486503517129236,0,2.9491525423728815,0,1,
simroute,1533607326000,-122.23685303095823,37.48654135617231,0,2.9491525423728815,0,1,
simroute,1533607328000,-122.23683000000001,37.486560000000004,0,2.9491525423728815,0,1,
simroute,1533607330000,-122.23678180290347,37.486596671941314,0,2.9491525423728815,0,1,
simroute,1533607332000,-122.23673360578329,37.48663334388262,0,2.9491525423728815,0,1,
simroute,1533607334000,-122.23668540863946,37.486670015823925,0,2.9491525423728815,0,1,
simroute,1533607336000,-122.23663721147193,37.48670668776524,0,2.9491525423728815,0,1,
simroute,1533607338000,-122.23658901428075,37.48674335970655,0,2.9491525423728815,0,1,
simroute,1533607340000,-122.23654081706593,37.48678003164787,0,2.9491525423728815,0,1,
simroute,1533607342000,-122.23649261982746,37.48681670358918,0,2.9491525423728815,0,1,
simroute,1533607344000,-122.23644442256534,37.48685337553048,0,2.9491525423728815,0,1,
simroute,1533607346000,-122.23639622527958,37.486890047471796,0,2.9491525423728815,0,1,
simroute,1533607348000,-122.23637000000001,37.48691,0,2.9491525423728815,0,1,
simroute,1533607350000,-122.23632197833939,37.48694681675269,0,2.9491525423728815,0,1,
simroute,1533607352000,-122.23627395665505,37.486983633505375,0,2.9491525423728815,0,1,
simroute,1533607354000,-122.23622593494707,37.48702045025807,0,2.9491525423728815,0,1,
simroute,1533607356000,-122.23617791321544,37.48705726701077,0,2.9491525423728815,0,1,
simroute,1533607358000,-122.23612989146011,37.487094083763466,0,2.9491525423728815,0,1,
simroute,1533607360000,-122.23608186968113,37.48713090051616,0,2.9491525423728815,0,1,
simroute,1533607362000,-122.23607000000001,37.487140000000004,0,5.928571428571429,0,1,
simroute,1533607364000,-122.2361545440856,37.4872227343209,0,5.928571428571429,0,1,
simroute,1533607366000,-122.23623908826482,37.48730546864179,0,5.928571428571429,0,1,
simroute,1533607368000,-122.23632363253762,37.4873882029627,0,5.928571428571429,0,1,
simroute,1533607370000,-122.23640817690409,37.4874709372836,0,5.928571428571429,0,1,
simroute,1533607372000,-122.23649272136419,37.487553671604495,0,5.928571428571429,0,1,
simroute,1533607374000,-122.2365772659179,37.48763640592539,0,5.928571428571429,0,1,
simroute,1533607376000,-122.23666181056524,37.48771914024629,0,5.928571428571429,0,1,
simroute,1533607378000,-122.2367463553062,37.4878018745672,0,5.928571428571429,0,1,
simroute,1533607380000,-122.23683090014083,37.4878846088881,0,5.928571428571429,0,1,
simroute,1533607382000,-122.23691544506909,37.487967343209014,0,5.928571428571429,0,1,
simroute,1533607384000,-122.23699999009096,37.48805007752991,0,5.928571428571429,0,1,
simroute,1533607386000,-122.23708453520646,37.48813281185082,0,5.928571428571429,0,1,
simroute,1533607388000,-122.23716908041564,37.48821554617172,0,5.928571428571429,0,1,
simroute,1533607390000,-122.23725362571844,37.48829828049263,0,5.928571428571429,0,1,
simroute,1533607392000,-122.23733817111486,37.48838101481353,0,5.928571428571429,0,1,
simroute,1533607394000,-122.23742271660495,37.48846374913444,0,5.928571428571429,0,1,
simroute,1533607396000,-122.23747000000002,37.488510000000005,0,5.928571428571429,0,1,
simroute,1533607398000,-122.23756136190696,37.48858803879192,0,5.928571428571429,0,1,
simroute,1533607400000,-122.23765272390926,37.488666077583815,0,5.928571428571429,0,1,
simroute,1533607402000,-122.23774408600707,37.48874411637572,0,5.928571428571429,0,1,
simroute,1533607404000,-122.23783544820031,37.48882215516762,0,5.928571428571429,0,1,
simroute,1533607406000,-122.237926810489,37.48890019395952,0,5.928571428571429,0,1,
simroute,1533607408000,-122.23795000000001,37.48892,0,5.928571428571429,0,1,
simroute,1533607410000,-122.23803958297117,37.4889993269874,0,5.928571428571429,0,1,
simroute,1533607412000,-122.23812916603742,37.489078653974794,0,5.928571428571429,0,1,
simroute,1533607414000,-122.23821874919884,37.48915798096219,0,5.928571428571429,0,1,
simroute,1533607416000,-122.2383083324554,37.48923730794959,0,5.928571428571429,0,1,
simroute,1533607418000,-122.23839791580707,37.489316634936976,0,5.928571428571429,0,1,
simroute,1533607420000,-122.23848749925389,37.489395961924366,0,5.928571428571429,0,1,
simroute,1533607422000,-122.23857708279581,37.489475288911756,0,5.928571428571429,0,1,
simroute,1533607424000,-122.23866666643289,37.48955461589915,0,5.928571428571429,0,1,
simroute,1533607426000,-122.23875625016512,37.48963394288655,0,5.928571428571429,0,1,
simroute,1533607428000,-122.23884583399246,37.48971326987393,0,5.928571428571429,0,1,
simroute,1533607430000,-122.23893541791494,37.489792596861314,0,5.928571428571429,0,1,
simroute,1533607432000,-122.23902500193259,37.489871923848696,0,5.928571428571429,0,1,
simroute,1533607434000,-122.23911458604539,37.48995125083608,0,5.928571428571429,0,1,
simroute,1533607436000,-122.23920417025329,37.49003057782346,0,5.928571428571429,0,1,
simroute,1533607438000,-122.23926000000002,37.490080000000006,0,5.928571428571429,0,1,
simroute,1533607440000,-122.23935205852769,37.490157523094275,0,5.928571428571429,0,1,
simroute,1533607442000,-122.23944411715092,37.490235046188545,0,5.928571428571429,0,1,
simroute,1533607444000,-122.23945,37.49024,0,5.928571428571429,0,1,
simroute,1533607446000,-122.23953989359893,37.490319106576905,0,5.928571428571429,0,1,
simroute,1533607448000,-122.23962978729304,37.49039821315381,0,5.928571428571429,0,1,
simroute,1533607450000,-122.23970000000001,37.490460000000006,0,5.100719424460432,0,1,
simroute,1533607452000,-122.2396238480876,37.49052889950401,0,5.100719424460432,0,1,
simroute,1533607454000,-122.23954769610492,37.49059779900799,0,5.100719424460432,0,1,
simroute,1533607456000,-122.23949,37.49065,0,5.100719424460432,0,1,
simroute,1533607458000,-122.23941471317227,37.490719495597645,0,5.100719424460432,0,1,
simroute,1533607460000,-122.23936,37.490770000000005,0,5.100719424460432,0,1,
simroute,1533607462000,-122.23929889802582,37.4908477665745,0,5.100719424460432,0,1,
simroute,1533607464000,-122.23923779598806,37.49092553314899,0,5.100719424460432,0,1,
simroute,1533607466000,-122.23917669388663,37.49100329972349,0,5.100719424460432,0,1,
simroute,1533607468000,-122.23911559172166,37.49108106629799,0,5.100719424460432,0,1,
simroute,1533607470000,-122.23905448949301,37.49115883287248,0,5.100719424460432,0,1,
simroute,1533607472000,-122.23903000000001,37.49119,0,5.100719424460432,0,1,
simroute,1533607474000,-122.23895821144623,37.49126178860204,0,5.100719424460432,0,1,
simroute,1533607476000,-122.23892000000001,37.4913,0,5.100719424460432,0,1,
simroute,1533607478000,-122.23884308782772,37.49136836639025,0,5.100719424460432,0,1,
simroute,1533607480000,-122.23883000000001,37.49138000000001,0,5.100719424460432,0,1,
simroute,1533607482000,-122.23874866742625,37.49144506607842,0,5.100719424460432,0,1,
simroute,1533607484000,-122.23873,37.491460000000004,0,5.100719424460432,0,1,
simroute,1533607486000,-122.23864253210314,37.49151984654976,0,5.100719424460432,0,1,
simroute,1533607488000,-122.23855506413616,37.49157969309952,0,5.100719424460432,0,1,
simroute,1533607490000,-122.23854000000001,37.49159,0,5.100719424460432,0,1,
simroute,1533607492000,-122.2384549591693,37.49165200978229,0,5.100719424460432,0,1,
simroute,1533607494000,-122.23836991826806,37.491714019564576,0,5.100719424460432,0,1,
simroute,1533607496000,-122.23828487729617,37.491776029346866,0,5.100719424460432,0,1,
simroute,1533607498000,-122.23819983625367,37.491838039129156,0,5.100719424460432,0,1,
simroute,1533607500000,-122.23811479514058,37.49190004891144,0,5.100719424460432,0,1,
simroute,1533607502000,-122.23802975395688,37.49196205869373,0,5.100719424460432,0,1,
simroute,1533607504000,-122.23794471270259,37.49202406847601,0,5.100719424460432,0,1,
simroute,1533607506000,-122.23785967137769,37.492086078258296,0,5.100719424460432,0,1,
simroute,1533607508000,-122.2377746299822,37.49214808804059,0,5.100719424460432,0,1,
simroute,1533607510000,-122.23768958851605,37.49221009782286,0,5.100719424460432,0,1,
simroute,1533607512000,-122.23760454697936,37.49227210760515,0,5.100719424460432,0,1,
simroute,1533607514000,-122.23758000000001,37.492290000000004,0,5.100719424460432,0,1,
simroute,1533607516000,-122.23749485703695,37.492351922178905,0,5.100719424460432,0,1,
simroute,1533607518000,-122.23747000000002,37.49237,0,5.100719424460432,0,1,
simroute,1533607520000,-122.23738498839441,37.49243203577084,0,5.100719424460432,0,1,
simroute,1533607522000,-122.23729997671819,37.49249407154168,0,5.100719424460432,0,1,
simroute,1533607524000,-122.23721496497132,37.49255610731251,0,5.100719424460432,0,1,
simroute,1533607526000,-122.23712995315384,37.49261814308335,0,5.100719424460432,0,1,
simroute,1533607528000,-122.23710000000001,37.49264,0,5.100719424460432,0,1,
simroute,1533607530000,-122.23701683789403,37.49270359463863,0,5.100719424460432,0,1,
simroute,1533607532000,-122.23693367571724,37.492767189277245,0,5.100719424460432,0,1,
simroute,1533607534000,-122.23693000000002,37.49277,0,5.100719424460432,0,1,
simroute,1533607536000,-122.2368456376517,37.49283259164024,0,5.100719424460432,0,1,
simroute,1533607538000,-122.23676127523271,37.49289518328047,0,5.100719424460432,0,1,
simroute,1533607540000,-122.23667691274301,37.4929577749207,0,5.100719424460432,0,1,
simroute,1533607542000,-122.23662000000002,37.493,0,5.100719424460432,0,1,
simroute,1533607544000,-122.23653297176713,37.49306025035483,0,5.100719424460432,0,1,
simroute,1533607546000,-122.23649,37.49309,0,5.100719424460432,0,1,
simroute,1533607548000,-122.23640115489798,37.49314855731201,0,5.100719424460432,0,1,
simroute,1533607550000,-122.23631230972626,37.49320711462402,0,5.100719424460432,0,1,
simroute,1533607552000,-122.23622346448491,37.49326567193602,0,5.100719424460432,0,1,
simroute,1533607554000,-122.23613461917392,37.49332422924804,0,5.100719424460432,0,1,
simroute,1533607556000,-122.23605,37.49338,0,5.100719424460432,0,1,
simroute,1533607558000,-122.23596866634631,37.4934450669424,0,5.100719424460432,0,1,
simroute,1533607560000,-122.23595000000002,37.493460000000006,0,5.100719424460432,0,1,
simroute,1533607562000,-122.23586840322446,37.49352485929437,0,5.100719424460432,0,1,
simroute,1533607564000,-122.23578680637809,37.49358971858872,0,5.100719424460432,0,1,
simroute,1533607566000,-122.23570520946083,37.49365457788308,0,5.100719424460432,0,1,
simroute,1533607568000,-122.23562361247275,37.49371943717743,0,5.100719424460432,0,1,
simroute,1533607570000,-122.23556,37.493770000000005,0,5.100719424460432,0,1,
simroute,1533607572000,-122.2354731531857,37.49383041573533,0,5.100719424460432,0,1,
simroute,1533607574000,-122.23538630630117,37.493890831470665,0,5.100719424460432,0,1,
simroute,1533607576000,-122.23529945934638,37.493951247205985,0,5.100719424460432,0,1,
simroute,1533607578000,-122.23521261232133,37.494011662941325,0,5.100719424460432,0,1,
simroute,1533607580000,-122.23512576522603,37.49407207867665,0,5.100719424460432,0,1,
simroute,1533607582000,-122.23503891806047,37.49413249441198,0,5.100719424460432,0,1,
simroute,1533607584000,-122.23495207082465,37.494192910147305,0,5.100719424460432,0,1,
simroute,1533607586000,-122.23487000000002,37.49425,0,5.100719424460432,0,1,
simroute,1533607588000,-122.2347843564142,37.49431148799241,0,5.100719424460432,0,1,
simroute,1533607590000,-122.23469871275785,37.49437297598481,0,5.100719424460432,0,1,
simroute,1533607592000,-122.23461306903096,37.494434463977214,0,5.100719424460432,0,1,
simroute,1533607594000,-122.23452742523358,37.49449595196961,0,5.100719424460432,0,1,
simroute,1533607596000,-122.23448,37.494530000000005,0,5.100719424460432,0,1,
simroute,1533607598000,-122.23439707344738,37.494593789703224,0,5.100719424460432,0,1,
simroute,1533607600000,-122.23435,37.49463,0,5.100719424460432,0,1,
simroute,1533607602000,-122.23426498700076,37.4946920367878,0,5.100719424460432,0,1,
simroute,1533607604000,-122.2341799739309,37.494754073575585,0,5.100719424460432,0,1,
simroute,1533607606000,-122.23409496079046,37.49481611036337,0,5.100719424460432,0,1,
simroute,1533607608000,-122.23400994757941,37.494878147151155,0,5.100719424460432,0,1,
simroute,1533607610000,-122.23398000000002,37.4949,0,27.828793774319067,0,1,
simroute,1533607612000,-122.23342554897857,37.49513762214589,0,27.828793774319067,0,1,
simroute,1533607614000,-122.23335000000002,37.49517,0,27.828793774319067,0,1,
simroute,1533607616000,-122.23284630118536,37.49547045222439,0,27.828793774319067,0,1,
simroute,1533607618000,-122.23278,37.49551,0,27.828793774319067,0,1,
simroute,1533607620000,-122.23218150462458,37.49566652971786,0,27.828793774319067,0,1,
simroute,1533607622000,-122.23213000000001,37.49568,0,27.828793774319067,0,1,
simroute,1533607624000,-122.23150908047808,37.49559462406251,0,27.828793774319067,0,1,
simroute,1533607626000,-122.23133000000001,37.49557,0,27.828793774319067,0,1,
simroute,1533607628000,-122.2307282907953,37.49542143045652,0,27.828793774319067,0,1,
simroute,1533607630000,-122.23052000000001,37.49537,0,27.828793774319067,0,1,
simroute,1533607632000,-122.22991895961798,37.495219740022776,0,27.828793774319067,0,1,
simroute,1533607634000,-122.22988000000001,37.49521,0,27.828793774319067,0,1,
simroute,1533607636000,-122.22926663355423,37.49509530723243,0,27.828793774319067,0,1,
simroute,1533607638000,-122.22865326805038,37.49498061446488,0,27.828793774319067,0,1,
simroute,1533607640000,-122.22865000000002,37.494980000000005,0,27.828793774319067,0,1,
simroute,1533607642000,-122.22805671671404,37.49481145451268,0,27.828793774319067,0,1,
simroute,1533607644000,-122.22777,37.494730000000004,0,27.828793774319067,0,1,
simroute,1533607646000,-122.22717544481497,37.494564304340955,0,27.828793774319067,0,1,
simroute,1533607648000,-122.22716000000001,37.49456,0,27.828793774319067,0,1,
simroute,1533607650000,-122.22657536032665,37.49437341402912,0,27.828793774319067,0,1,
simroute,1533607652000,-122.22622000000001,37.494260000000004,0,27.828793774319067,0,1,
simroute,1533607654000,-122.22563902721652,37.49406634256792,0,27.828793774319067,0,1,
simroute,1533607656000,-122.22559000000001,37.49405,0,27.828793774319067,0,1,
simroute,1533607658000,-122.22501686585895,37.49384216130029,0,27.828793774319067,0,1,
simroute,1533607660000,-122.22468,37.49372,0,27.828793774319067,0,1,
simroute,1533607662000,-122.22411232032846,37.493502946401485,0,27.828793774319067,0,1,
simroute,1533607664000,-122.224,37.493460000000006,0,27.828793774319067,0,1,
simroute,1533607666000,-122.223444874655,37.493223389399695,0,27.828793774319067,0,1,
simroute,1533607668000,-122.22339000000001,37.4932,0,27.828793774319067,0,1,
simroute,1533607670000,-122.22283604505367,37.492961671680995,0,27.828793774319067,0,1,
simroute,1533607672000,-122.22253,37.492830000000005,0,27.828793774319067,0,1,
simroute,1533607674000,-122.22198321931864,37.4925814645985,0,27.828793774319067,0,1,
simroute,1533607676000,-122.22165000000001,37.492430000000006,0,27.828793774319067,0,1,
simroute,1533607678000,-122.22109926199977,37.49218703166965,0,27.828793774319067,0,1,
simroute,1533607680000,-122.22054852579106,37.491944063339304,0,27.828793774319067,0,1,
simroute,1533607682000,-122.21999779137388,37.49170109500896,0,27.828793774319067,0,1,
simroute,1533607684000,-122.21995000000001,37.49168,0,27.828793774319067,0,1,
simroute,1533607686000,-122.2193993265268,37.49143694750092,0,27.828793774319067,0,1,
simroute,1533607688000,-122.21884865484549,37.49119389500186,0,27.828793774319067,0,1,
simroute,1533607690000,-122.2185,37.491040000000005,0,27.828793774319067,0,1,
simroute,1533607692000,-122.2179529786419,37.49079181641599,0,27.828793774319067,0,1,
simroute,1533607694000,-122.21742,37.490550000000006,0,27.828793774319067,0,1,
simroute,1533607696000,-122.21686864040464,37.49030794069625,0,27.828793774319067,0,1,
simroute,1533607698000,-122.21660000000001,37.490190000000005,0,27.828793774319067,0,1,
simroute,1533607700000,-122.21603926593536,37.48996190489277,0,27.828793774319067,0,1,
simroute,1533607702000,-122.21601000000001,37.48995,0,27.828793774319067,0,1,
simroute,1533607704000,-122.21544438213778,37.489729630126426,0,27.828793774319067,0,1,
simroute,1533607706000,-122.21524000000001,37.489650000000005,0,27.828793774319067,0,1,
simroute,1533607708000,-122.21466918138742,37.48943824487827,0,27.828793774319067,0,1,
simroute,1533607710000,-122.21462000000001,37.48942,0,27.828793774319067,0,1,
simroute,1533607712000,-122.2140418054712,37.48922124583785,0,27.828793774319067,0,1,
simroute,1533607714000,-122.21398,37.489200000000004,0,27.828793774319067,0,1,
simroute,1533607716000,-122.2133957449924,37.48901273941884,0,27.828793774319067,0,1,
simroute,1533607718000,-122.21320000000001,37.48895,0,27.828793774319067,0,1,
simroute,1533607720000,-122.21260987418884,37.488774716442435,0,27.828793774319067,0,1,
simroute,1533607722000,-122.21219,37.48865,0,27.828793774319067,0,1,
simroute,1533607724000,-122.21159191901592,37.48849261076522,0,27.828793774319067,0,1,
simroute,1533607726000,-122.21143000000001,37.48845,0,27.828793774319067,0,1,
simroute,1533607728000,-122.2108283430872,37.48830144336814,0,27.828793774319067,0,1,
simroute,1533607730000,-122.21062,37.48825,0,27.828793774319067,0,1,
simroute,1533607732000,-122.21001294832445,37.4881159760855,0,27.828793774319067,0,1,
simroute,1533607734000,-122.20985,37.488080000000004,0,27.828793774319067,0,1,
simroute,1533607736000,-122.20923738916451,37.487962985246284,0,27.828793774319067,0,1,
simroute,1533607738000,-122.20896,37.48791000000001,0,27.828793774319067,0,1,
simroute,1533607740000,-122.20834535403577,37.48779991431366,0,27.828793774319067,0,1,
simroute,1533607742000,-122.20829,37.487790000000004,0,27.828793774319067,0,1,
simroute,1533607744000,-122.207671074124,37.48769622346706,0,27.828793774319067,0,1,
simroute,1533607746000,-122.20763000000001,37.48769,0,27.828793774319067,0,1,
simroute,1533607748000,-122.20701012037262,37.487600280970646,0,27.828793774319067,0,1,
simroute,1533607750000,-122.20687000000001,37.48758,0,27.828793774319067,0,1,
simroute,1533607752000,-122.20624722199852,37.487503966166976,0,27.828793774319067,0,1,
simroute,1533607754000,-122.20562444463087,37.487427932333944,0,27.828793774319067,0,1,
simroute,1533607756000,-122.20515,37.487370000000006,0,27.828793774319067,0,1,
simroute,1533607758000,-122.20452741568153,37.48729298288405,0,27.828793774319067,0,1,
simroute,1533607760000,-122.20390483200492,37.4872159657681,0,27.828793774319067,0,1,
simroute,1533607762000,-122.20328224897014,37.48713894865216,0,27.828793774319067,0,1,
simroute,1533607764000,-122.20321000000001,37.48713,0,27.828793774319067,0,1,
simroute,1533607766000,-122.20258762756959,37.487051922123136,0,27.828793774319067,0,1,
simroute,1533607768000,-122.20196525578967,37.48697384424629,0,27.828793774319067,0,1,
simroute,1533607770000,-122.20134288466022,37.48689576636945,0,27.828793774319067,0,1,
simroute,1533607772000,-122.20072051418117,37.48681768849261,0,27.828793774319067,0,1,
simroute,1533607774000,-122.2005,37.486790000000006,0,27.828793774319067,0,1,
simroute,1533607776000,-122.19987724911408,37.48671386037011,0,27.828793774319067,0,1,
simroute,1533607778000,-122.1992544988629,37.486637720740205,0,27.828793774319067,0,1,
simroute,1533607780000,-122.19863174924637,37.486561581110315,0,27.828793774319067,0,1,
simroute,1533607782000,-122.19821,37.48651,0,27.828793774319067,0,1,
simroute,1533607784000,-122.19758702916204,37.48643501402456,0,27.828793774319067,0,1,
simroute,1533607786000,-122.19713000000002,37.486380000000004,0,27.828793774319067,0,1,
simroute,1533607788000,-122.19650824699852,37.48629890451169,0,27.828793774319067,0,1,
simroute,1533607790000,-122.19588649467198,37.48621780902338,0,27.828793774319067,0,1,
simroute,1533607792000,-122.19552000000002,37.48617,0,27.828793774319067,0,1,
simroute,1533607794000,-122.19489676469101,37.48609642584946,0,27.828793774319067,0,1,
simroute,1533607796000,-122.19427352999577,37.48602285169891,0,27.828793774319067,0,1,
simroute,1533607798000,-122.19408000000001,37.486000000000004,0,27.828793774319067,0,1,
simroute,1533607800000,-122.19345768746626,37.48592166917854,0,27.828793774319067,0,1,
simroute,1533607802000,-122.19283537558499,37.48584333835707,0,27.828793774319067,0,1,
simroute,1533607804000,-122.19265000000001,37.485820000000004,0,27.828793774319067,0,1,
simroute,1533607806000,-122.19202774287157,37.48574140000254,0,27.828793774319067,0,1,
simroute,1533607808000,-122.19170000000001,37.4857,0,27.828793774319067,0,1,
simroute,1533607810000,-122.19107772068514,37.48562151566424,0,27.828793774319067,0,1,
simroute,1533607812000,-122.19059000000001,37.48556,0,27.828793774319067,0,1,
simroute,1533607814000,-122.18996725412381,37.48548388737726,0,27.828793774319067,0,1,
simroute,1533607816000,-122.18969000000001,37.48545,0,27.828793774319067,0,1,
simroute,1533607818000,-122.18906946598474,37.48536325954551,0,27.828793774319067,0,1,
simroute,1533607820000,-122.18876000000002,37.48532,0,27.828793774319067,0,1,
simroute,1533607822000,-122.18814240010579,37.48522095220582,0,27.828793774319067,0,1,
simroute,1533607824000,-122.1877,37.485150000000004,0,27.828793774319067,0,1,
simroute,1533607826000,-122.18708561783143,37.48503907018801,0,27.828793774319067,0,1,
simroute,1533607828000,-122.18698,37.485020000000006,0,27.828793774319067,0,1,
simroute,1533607830000,-122.18636951860941,37.484896254148865,0,27.828793774319067,0,1,
simroute,1533607832000,-122.18624000000001,37.48487,0,27.828793774319067,0,1,
simroute,1533607834000,-122.18563397560717,37.48473315674364,0,27.828793774319067,0,1,
simroute,1533607836000,-122.18531000000002,37.484660000000005,0,27.828793774319067,0,1,
simroute,1533607838000,-122.18470952796002,37.48450853112541,0,27.828793774319067,0,1,
simroute,1533607840000,-122.1842,37.48438,0,27.828793774319067,0,1,
simroute,1533607842000,-122.18360948418552,37.48420562234931,0,27.828793774319067,0,1,
simroute,1533607844000,-122.1830189697493,37.48403124469861,0,27.828793774319067,0,1,
simroute,1533607846000,-122.18271000000001,37.483940000000004,0,27.828793774319067,0,1,
simroute,1533607848000,-122.18212490366051,37.483754482412564,0,27.828793774319067,0,1,
simroute,1533607850000,-122.18189000000001,37.48368,0,27.828793774319067,0,1,
simroute,1533607852000,-122.18131412194646,37.483477134896425,0,27.828793774319067,0,1,
simroute,1533607854000,-122.18101000000001,37.48337,0,27.828793774319067,0,1,
simroute,1533607856000,-122.1804368963202,37.48316225069275,0,27.828793774319067,0,1,
simroute,1533607858000,-122.18021000000002,37.48308,0,27.828793774319067,0,1,
simroute,1533607860000,-122.17965305048608,37.48284621964878,0,27.828793774319067,0,1,
simroute,1533607862000,-122.17940000000002,37.48274,0,27.828793774319067,0,1,
simroute,1533607864000,-122.1788587777425,37.48248401727528,0,27.828793774319067,0,1,
simroute,1533607866000,-122.17866000000001,37.48239,0,27.828793774319067,0,1,
simroute,1533607868000,-122.17813167431984,37.48211758252974,0,27.828793774319067,0,1,
simroute,1533607870000,-122.17802,37.482060000000004,0,27.828793774319067,0,1,
simroute,1533607872000,-122.17750178704034,37.48177561612859,0,27.828793774319067,0,1,
simroute,1533607874000,-122.17720000000001,37.48161,0,27.828793774319067,0,1,
simroute,1533607876000,-122.1766916024527,37.48131467376527,0,27.828793774319067,0,1,
simroute,1533607878000,-122.17618320691486,37.48101934753055,0,27.828793774319067,0,1,
simroute,1533607880000,-122.17567481338637,37.480724021295835,0,27.828793774319067,0,1,
simroute,1533607882000,-122.17516642186717,37.48042869506114,0,27.828793774319067,0,1,
simroute,1533607884000,-122.17479000000002,37.48021,0,27.828793774319067,0,1,
simroute,1533607886000,-122.17427917028209,37.47991733911553,0,27.828793774319067,0,1,
simroute,1533607888000,-122.17383000000001,37.47966,0,27.828793774319067,0,1,
simroute,1533607890000,-122.17332101379293,37.47936532741016,0,27.828793774319067,0,1,
simroute,1533607892000,-122.17281202959299,37.479070654820326,0,27.828793774319067,0,1,
simroute,1533607894000,-122.17250000000001,37.47889,0,27.828793774319067,0,1,
simroute,1533607896000,-122.17199076451408,37.47859560447508,0,27.828793774319067,0,1,
simroute,1533607898000,-122.17148153103426,37.47830120895017,0,27.828793774319067,0,1,
simroute,1533607900000,-122.17097229956062,37.47800681342527,0,27.828793774319067,0,1,
simroute,1533607902000,-122.17058000000002,37.47778,0,27.828793774319067,0,1,
simroute,1533607904000,-122.17006999315385,37.4774864548839,0,27.828793774319067,0,1,
simroute,1533607906000,-122.169559988311,37.4771929097678,0,27.828793774319067,0,1,
simroute,1533607908000,-122.16904998547147,37.476899364651715,0,27.828793774319067,0,1,
simroute,1533607910000,-122.16886000000001,37.47679,0,27.828793774319067,0,1,
simroute,1533607912000,-122.16834992721977,37.476496534438475,0,27.828793774319067,0,1,
simroute,1533607914000,-122.16813,37.47637,0,27.828793774319067,0,1,
simroute,1533607916000,-122.1676238642367,37.47607227538055,0,27.828793774319067,0,1,
simroute,1533607918000,-122.16711773048974,37.475774550761116,0,27.828793774319067,0,1,
simroute,1533607920000,-122.16711000000001,37.475770000000004,0,27.828793774319067,0,1,
simroute,1533607922000,-122.16661271148564,37.47546303322938,0,27.828793774319067,0,1,
simroute,1533607924000,-122.1663,37.47527,0,27.828793774319067,0,1,
simroute,1533607926000,-122.16579945334246,37.474966390232865,0,27.828793774319067,0,1,
simroute,1533607928000,-122.16569000000001,37.474900000000005,0,27.828793774319067,0,1,
simroute,1533607930000,-122.16518368577806,37.47460247722188,0,27.828793774319067,0,1,
simroute,1533607932000,-122.16472000000002,37.47433,0,27.828793774319067,0,1,
simroute,1533607934000,-122.16421195974226,37.47403434039019,0,27.828793774319067,0,1,
simroute,1533607936000,-122.16370392149423,37.473738680780386,0,27.828793774319067,0,1,
simroute,1533607938000,-122.16350000000001,37.473620000000004,0,27.828793774319067,0,1,
simroute,1533607940000,-122.1629929979627,37.47332322520234,0,27.828793774319067,0,1,
simroute,1533607942000,-122.16248599793857,37.4730264504047,0,27.828793774319067,0,1,
simroute,1533607944000,-122.1619789999275,37.47272967560706,0,27.828793774319067,0,1,
simroute,1533607946000,-122.16147200392953,37.47243290080945,0,27.828793774319067,0,1,
simroute,1533607948000,-122.16145000000002,37.47242,0,27.828793774319067,0,1,
simroute,1533607950000,-122.16094387645683,37.4721222909378,0,27.828793774319067,0,1,
simroute,1533607952000,-122.16043775492949,37.4718245818756,0,27.828793774319067,0,1,
simroute,1533607954000,-122.15993163541805,37.47152687281341,0,27.828793774319067,0,1,
simroute,1533607956000,-122.15942551792239,37.471229163751254,0,27.828793774319067,0,1,
simroute,1533607958000,-122.1589194024425,37.470931454689094,0,27.828793774319067,0,1,
simroute,1533607960000,-122.15856000000001,37.47072,0,27.828793774319067,0,1,
simroute,1533607962000,-122.15805820952625,37.47041771807555,0,27.828793774319067,0,1,
simroute,1533607964000,-122.15773000000002,37.470220000000005,0,27.828793774319067,0,1,
simroute,1533607966000,-122.15722747848974,37.46991848753616,0,27.828793774319067,0,1,
simroute,1533607968000,-122.15713000000001,37.469860000000004,0,27.828793774319067,0,1,
simroute,1533607970000,-122.15662462526757,37.46956150921922,0,27.828793774319067,0,1,
simroute,1533607972000,-122.15611925255314,37.46926301843845,0,27.828793774319067,0,1,
simroute,1533607974000,-122.15561388185665,37.46896452765768,0,27.828793774319067,0,1,
simroute,1533607976000,-122.15542,37.46885,0,27.828793774319067,0,1,
simroute,1533607978000,-122.15491080750786,37.468555632159116,0,27.828793774319067,0,1,
simroute,1533607980000,-122.15440161702082,37.46826126431824,0,27.828793774319067,0,1,
simroute,1533607982000,-122.15389242853882,37.46796689647737,0,27.828793774319067,0,1,
simroute,1533607984000,-122.15338324206186,37.46767252863651,0,27.828793774319067,0,1,
simroute,1533607986000,-122.15287405758988,37.46737816079567,0,27.828793774319067,0,1,
simroute,1533607988000,-122.15286,37.46737,0,27.828793774319067,0,1,
simroute,1533607990000,-122.15235107043424,37.4670753568375,0,27.828793774319067,0,1,
simroute,1533607992000,-122.15229000000001,37.467040000000004,0,27.828793774319067,0,1,
simroute,1533607994000,-122.1517849165146,37.46674121914045,0,27.828793774319067,0,1,
simroute,1533607996000,-122.15158000000001,37.466620000000006,0,27.828793774319067,0,1,
simroute,1533607998000,-122.15107626192889,37.4663197946584,0,27.828793774319067,0,1,
simroute,1533608000000,-122.15059000000001,37.46603,0,27.828793774319067,0,1,
simroute,1533608002000,-122.15008651369942,37.465729532895594,0,27.828793774319067,0,1,
simroute,1533608004000,-122.14997000000001,37.46566,0,27.828793774319067,0,1,
simroute,1533608006000,-122.14946216857805,37.46536417819153,0,27.828793774319067,0,1,
simroute,1533608008000,-122.14895433916547,37.46506835638307,0,27.828793774319067,0,1,
simroute,1533608010000,-122.14894000000001,37.46506,0,27.828793774319067,0,1,
simroute,1533608012000,-122.14842931630045,37.4647672924099,0,27.828793774319067,0,1,
simroute,1533608014000,-122.14812,37.46459,0,27.828793774319067,0,1,
simroute,1533608016000,-122.14761140295928,37.4642950158939,0,27.828793774319067,0,1,
simroute,1533608018000,-122.14712000000002,37.46401,0,27.828793774319067,0,1,
simroute,1533608020000,-122.14661680411058,37.46370924089807,0,27.828793774319067,0,1,
simroute,1533608022000,-122.14625000000001,37.46349,0,27.828793774319067,0,1,
simroute,1533608024000,-122.14574363678281,37.46319261263138,0,27.828793774319067,0,1,
simroute,1533608026000,-122.14562000000001,37.46312,0,27.828793774319067,0,1,
simroute,1533608028000,-122.14511676536813,37.462819288055314,0,27.828793774319067,0,1,
simroute,1533608030000,-122.1448,37.462630000000004,0,27.828793774319067,0,1,
simroute,1533608032000,-122.14428394766446,37.46234330474851,0,27.828793774319067,0,1,
simroute,1533608034000,-122.14417000000002,37.46228,0,27.828793774319067,0,1,
simroute,1533608036000,-122.1436636420782,37.46198261574135,0,27.828793774319067,0,1,
simroute,1533608038000,-122.14354000000002,37.46191,0,27.828793774319067,0,1,
simroute,1533608040000,-122.14303364200134,37.46161261851179,0,27.828793774319067,0,1,
simroute,1533608042000,-122.14252728601656,37.46131523702359,0,27.828793774319067,0,1,
simroute,1533608044000,-122.14228000000001,37.46117,0,27.828793774319067,0,1,
simroute,1533608046000,-122.14177474696112,37.46087144208062,0,27.828793774319067,0,1,
simroute,1533608048000,-122.14162,37.46078,0,27.828793774319067,0,1,
simroute,1533608050000,-122.14111297818488,37.46048334022963,0,27.828793774319067,0,1,
simroute,1533608052000,-122.14068,37.46023,0,27.828793774319067,0,1,
simroute,1533608054000,-122.14017279647044,37.45993354003091,0,27.828793774319067,0,1,
simroute,1533608056000,-122.13966559495168,37.45963708006182,0,27.828793774319067,0,1,
simroute,1533608058000,-122.13926000000001,37.4594,0,27.828793774319067,0,1,
simroute,1533608060000,-122.13875825773141,37.45909774711448,0,27.828793774319067,0,1,
simroute,1533608062000,-122.13843000000001,37.4589,0,27.828793774319067,0,1,
simroute,1533608064000,-122.1379235508449,37.45860273821279,0,27.828793774319067,0,1,
simroute,1533608066000,-122.13751,37.458360000000006,0,27.828793774319067,0,1,
simroute,1533608068000,-122.13700394293522,37.4580623216728,0,27.828793774319067,0,1,
simroute,1533608070000,-122.13649788788484,37.457764643345605,0,27.828793774319067,0,1,
simroute,1533608072000,-122.13649000000001,37.45776,0,27.828793774319067,0,1,
simroute,1533608074000,-122.13598849808568,37.45745750736684,0,27.828793774319067,0,1,
simroute,1533608076000,-122.13586000000001,37.45738,0,27.828793774319067,0,1,
simroute,1533608078000,-122.13535646172988,37.45707964928846,0,27.828793774319067,0,1,
simroute,1533608080000,-122.134852925482,37.45677929857692,0,27.828793774319067,0,1,
simroute,1533608082000,-122.13434939125636,37.45647894786539,0,27.828793774319067,0,1,
simroute,1533608084000,-122.13415,37.456360000000004,0,27.828793774319067,0,1,
simroute,1533608086000,-122.1336453796522,37.45606080313769,0,27.828793774319067,0,1,
simroute,1533608088000,-122.13314076132315,37.455761606275395,0,27.828793774319067,0,1,
simroute,1533608090000,-122.13302000000002,37.455690000000004,0,27.828793774319067,0,1,
simroute,1533608092000,-122.13250764774193,37.45539920646889,0,27.828793774319067,0,1,
simroute,1533608094000,-122.13228000000001,37.455270000000006,0,27.828793774319067,0,1,
simroute,1533608096000,-122.13177557462518,37.454970603838646,0,27.828793774319067,0,1,
simroute,1533608098000,-122.13127115126963,37.4546712076773,0,27.828793774319067,0,1,
simroute,1533608100000,-122.13076672993333,37.45437181151595,0,27.828793774319067,0,1,
simroute,1533608102000,-122.13073000000001,37.454350000000005,0,27.828793774319067,0,1,
simroute,1533608104000,-122.13022754608568,37.454048528547304,0,27.828793774319067,0,1,
simroute,1533608106000,-122.13003,37.45393,0,27.828793774319067,0,1,
simroute,1533608108000,-122.12952754623251,37.45362853135649,0,27.828793774319067,0,1,
simroute,1533608110000,-122.1290250944902,37.45332706271298,0,27.828793774319067,0,1,
simroute,1533608112000,-122.12873,37.45315,0,27.828793774319067,0,1,
simroute,1533608114000,-122.12822638041223,37.45284976531968,0,27.828793774319067,0,1,
simroute,1533608116000,-122.12821000000001,37.45284,0,27.828793774319067,0,1,
simroute,1533608118000,-122.12770529661293,37.452540916670046,0,27.828793774319067,0,1,
simroute,1533608120000,-122.12767000000001,37.45252,0,27.828793774319067,0,1,
simroute,1533608122000,-122.12716442894725,37.45222184394209,0,27.828793774319067,0,1,
simroute,1533608124000,-122.12689,37.45206,0,27.828793774319067,0,1,
simroute,1533608126000,-122.12641390876809,37.45173268809992,0,27.828793774319067,0,1,
simroute,1533608128000,-122.12625000000001,37.451620000000005,0,27.828793774319067,0,1,
simroute,1533608130000,-122.12579219272845,37.45127664488042,0,27.828793774319067,0,1,
simroute,1533608132000,-122.12573,37.45123,0,27.828793774319067,0,1,
simroute,1533608134000,-122.12529705780548,37.450866888294435,0,27.828793774319067,0,1,
simroute,1533608136000,-122.12511,37.45071,0,27.828793774319067,0,1,
simroute,1533608138000,-122.1247011623991,37.45032968886347,0,27.828793774319067,0,1,
simroute,1533608140000,-122.1242923268768,37.44994937772695,0,27.828793774319067,0,1,
simroute,1533608142000,-122.12425,37.44991,0,27.828793774319067,0,1,
simroute,1533608144000,-122.12384535127865,37.44952687865538,0,27.828793774319067,0,1,
simroute,1533608146000,-122.12344070462973,37.44914375731075,0,27.828793774319067,0,1,
simroute,1533608148000,-122.12331,37.449020000000004,0,27.828793774319067,0,1,
simroute,1533608150000,-122.12291277695647,37.44863201492259,0,27.828793774319067,0,1,
simroute,1533608152000,-122.12288000000001,37.448600000000006,0,27.828793774319067,0,1,
simroute,1533608154000,-122.1224771137584,37.448215714426254,0,27.828793774319067,0,1,
simroute,1533608156000,-122.12207422958636,37.4478314288525,0,27.828793774319067,0,1,
simroute,1533608158000,-122.12167134748381,37.44744714327878,0,27.828793774319067,0,1,
simroute,1533608160000,-122.12158000000001,37.44736,0,27.828793774319067,0,1,
simroute,1533608162000,-122.12117195924606,37.44697916223442,0,27.828793774319067,0,1,
simroute,1533608164000,-122.12113000000001,37.446940000000005,0,27.828793774319067,0,1,
simroute,1533608166000,-122.12072938688834,37.44655422533835,0,27.828793774319067,0,1,
simroute,1533608168000,-122.12059,37.44642,0,27.828793774319067,0,1,
simroute,1533608170000,-122.12018638631389,37.44603620364223,0,27.828793774319067,0,1,
simroute,1533608172000,-122.11978277469831,37.44565240728446,0,27.828793774319067,0,1,
simroute,1533608174000,-122.11937916515319,37.44526861092671,0,27.828793774319067,0,1,
simroute,1533608176000,-122.11897555767848,37.44488481456897,0,27.828793774319067,0,1,
simroute,1533608178000,-122.11896000000002,37.44487,0,27.828793774319067,0,1,
simroute,1533608180000,-122.11855573197454,37.44448664354277,0,27.828793774319067,0,1,
simroute,1533608182000,-122.11838000000002,37.444320000000005,0,27.828793774319067,0,1,
simroute,1533608184000,-122.11797749610884,37.44393547716979,0,27.828793774319067,0,1,
simroute,1533608186000,-122.1175749942862,37.44355095433957,0,27.828793774319067,0,1,
simroute,1533608188000,-122.1171724945321,37.44316643150936,0,27.828793774319067,0,1,
simroute,1533608190000,-122.11676999684641,37.44278190867916,0,27.828793774319067,0,1,
simroute,1533608192000,-122.11636750122915,37.44239738584898,0,27.828793774319067,0,1,
simroute,1533608194000,-122.11614000000002,37.44218,0,27.828793774319067,0,1,
simroute,1533608196000,-122.1157373022462,37.441795612743604,0,27.828793774319067,0,1,
simroute,1533608198000,-122.11533460656102,37.44141122548721,0,27.828793774319067,0,1,
simroute,1533608200000,-122.11493191294448,37.44102683823082,0,27.828793774319067,0,1,
simroute,1533608202000,-122.11482000000001,37.440920000000006,0,27.828793774319067,0,1,
simroute,1533608204000,-122.1144152775517,37.4405369601284,0,27.828793774319067,0,1,
simroute,1533608206000,-122.11426000000002,37.44039,0,27.828793774319067,0,1,
simroute,1533608208000,-122.11385303009632,37.4400084661896,0,27.828793774319067,0,1,
simroute,1533608210000,-122.11378,37.43994,0,27.828793774319067,0,1,
simroute,1533608212000,-122.11337720946477,37.43955568199613,0,27.828793774319067,0,1,
simroute,1533608214000,-122.11297442099811,37.43917136399227,0,27.828793774319067,0,1,
simroute,1533608216000,-122.11257163460004,37.43878704598842,0,27.828793774319067,0,1,
simroute,1533608218000,-122.11216885027045,37.438402727984574,0,27.828793774319067,0,1,
simroute,1533608220000,-122.11176606800933,37.438018409980735,0,27.828793774319067,0,1,
simroute,1533608222000,-122.11136328781669,37.43763409197692,0,27.828793774319067,0,1,
simroute,1533608224000,-122.1109605096924,37.43724977397311,0,27.828793774319067,0,1,
simroute,1533608226000,-122.11055773363648,37.4368654559693,0,27.828793774319067,0,1,
simroute,1533608228000,-122.11015495964892,37.43648113796551,0,27.828793774319067,0,1,
simroute,1533608230000,-122.10975218772961,37.43609681996173,0,27.828793774319067,0,1,
simroute,1533608232000,-122.10934941787855,37.43571250195796,0,27.828793774319067,0,1,
simroute,1533608234000,-122.10894665009567,37.4353281839542,0,27.828793774319067,0,1,
simroute,1533608236000,-122.10854388438094,37.434943865950444,0,27.828793774319067,0,1,
simroute,1533608238000,-122.10814112073433,37.4345595479467,0,27.828793774319067,0,1,
simroute,1533608240000,-122.1077383591558,37.43417522994296,0,27.828793774319067,0,1,
simroute,1533608242000,-122.1073355996453,37.433790911939234,0,27.828793774319067,0,1,
simroute,1533608244000,-122.10693284220281,37.43340659393553,0,27.828793774319067,0,1,
simroute,1533608246000,-122.10653008682829,37.433022275931826,0,27.828793774319067,0,1,
simroute,1533608248000,-122.10612733352167,37.43263795792813,0,27.828793774319067,0,1,
simroute,1533608250000,-122.10572458228296,37.43225363992444,0,27.828793774319067,0,1,
simroute,1533608252000,-122.10569000000001,37.43222,0,27.828793774319067,0,1,
simroute,1533608254000,-122.10528941877948,37.43183425604806,0,27.828793774319067,0,1,
simroute,1533608256000,-122.10515000000001,37.431700000000006,0,27.828793774319067,0,1,
simroute,1533608258000,-122.10474781925274,37.43131530879482,0,27.828793774319067,0,1,
simroute,1533608260000,-122.10434564057232,37.43093061758963,0,27.828793774319067,0,1,
simroute,1533608262000,-122.10423000000002,37.430820000000004,0,27.828793774319067,0,1,
simroute,1533608264000,-122.10382619407835,37.43043638697707,0,27.828793774319067,0,1,
simroute,1533608266000,-122.10343,37.430060000000005,0,27.828793774319067,0,1,
simroute,1533608268000,-122.10302619413642,37.42967638965979,0,27.828793774319067,0,1,
simroute,1533608270000,-122.10262239034205,37.42929277931959,0,27.828793774319067,0,1,
simroute,1533608272000,-122.10223,37.428920000000005,0,27.828793774319067,0,1,
simroute,1533608274000,-122.1018282777199,37.428535016666466,0,27.828793774319067,0,1,
simroute,1533608276000,-122.10175000000001,37.42846,0,27.828793774319067,0,1,
simroute,1533608278000,-122.10134464883936,37.42807742454146,0,27.828793774319067,0,1,
simroute,1533608280000,-122.10093929975017,37.427694849082926,0,27.828793774319067,0,1,
simroute,1533608282000,-122.10086000000001,37.427620000000005,0,27.828793774319067,0,1,
simroute,1533608284000,-122.10045432588566,37.42723764351844,0,27.828793774319067,0,1,
simroute,1533608286000,-122.1000486538432,37.42685528703688,0,27.828793774319067,0,1,
simroute,1533608288000,-122.09999,37.4268,0,27.828793774319067,0,1,
simroute,1533608290000,-122.09958931480435,37.426414343152864,0,27.828793774319067,0,1,
simroute,1533608292000,-122.09919000000001,37.426030000000004,0,27.828793774319067,0,1,
simroute,1533608294000,-122.09878707778876,37.425645818535166,0,27.828793774319067,0,1,
simroute,1533608296000,-122.09876000000001,37.42562,0,27.828793774319067,0,1,
simroute,1533608298000,-122.09833882244459,37.4252483732918,0,27.828793774319067,0,1,
simroute,1533608300000,-122.09825000000001,37.42517,0,27.828793774319067,0,1,
simroute,1533608302000,-122.09781649036785,37.42480742899216,0,27.828793774319067,0,1,
simroute,1533608304000,-122.0977,37.424710000000005,0,27.828793774319067,0,1,
simroute,1533608306000,-122.09725214018079,37.424358603421354,0,27.828793774319067,0,1,
simroute,1533608308000,-122.09705000000001,37.424200000000006,0,27.828793774319067,0,1,
simroute,1533608310000,-122.09659228136627,37.42385671135891,0,27.828793774319067,0,1,
simroute,1533608312000,-122.09653000000002,37.42381,0,27.828793774319067,0,1,
simroute,1533608314000,-122.09606253395305,37.42347509999916,0,27.828793774319067,0,1,
simroute,1533608316000,-122.09586000000002,37.42333,0,27.828793774319067,0,1,
simroute,1533608318000,-122.09539939937059,37.42298915574338,0,27.828793774319067,0,1,
simroute,1533608320000,-122.09536000000001,37.42296,0,27.828793774319067,0,1,
simroute,1533608322000,-122.09489457930863,37.4226233127152,0,27.828793774319067,0,1,
simroute,1533608324000,-122.09489,37.42262,0,27.828793774319067,0,1,
simroute,1533608326000,-122.09442038970695,37.42228700402286,0,27.828793774319067,0,1,
simroute,1533608328000,-122.09434000000002,37.422230000000006,0,27.828793774319067,0,1,
simroute,1533608330000,-122.09387815891637,37.421890221873774,0,27.828793774319067,0,1,
simroute,1533608332000,-122.0934163199284,37.42155044374755,0,27.828793774319067,0,1,
simroute,1533608334000,-122.09295448303601,37.42121066562134,0,27.828793774319067,0,1,
simroute,1533608336000,-122.09294000000001,37.421200000000006,0,27.828793774319067,0,1,
simroute,1533608338000,-122.09247786944911,37.42086047566071,0,27.828793774319067,0,1,
simroute,1533608340000,-122.09245000000001,37.420840000000005,0,27.828793774319067,0,1,
simroute,1533608342000,-122.09198557967125,37.42050245400828,0,27.828793774319067,0,1,
simroute,1533608344000,-122.09152116143588,37.42016490801655,0,27.828793774319067,0,1,
simroute,1533608346000,-122.09105674529388,37.41982736202485,0,27.828793774319067,0,1,
simroute,1533608348000,-122.09059233124526,37.41948981603315,0,27.828793774319067,0,1,
simroute,1533608350000,-122.09040000000002,37.41935,0,27.828793774319067,0,1,
simroute,1533608352000,-122.08993552554165,37.419012509011694,0,27.828793774319067,0,1,
simroute,1533608354000,-122.08947105317645,37.41867501802341,0,27.828793774319067,0,1,
simroute,1533608356000,-122.08901000000002,37.41834,0,27.828793774319067,0,1,
simroute,1533608358000,-122.08854329196902,37.418004463793274,0,27.828793774319067,0,1,
simroute,1533608360000,-122.08807658602899,37.417668927586554,0,27.828793774319067,0,1,
simroute,1533608362000,-122.08760988217989,37.41733339137984,0,27.828793774319067,0,1,
simroute,1533608364000,-122.08748000000001,37.41724,0,27.828793774319067,0,1,
simroute,1533608366000,-122.08701360473503,37.4169041955837,0,27.828793774319067,0,1,
simroute,1533608368000,-122.08698000000001,37.416880000000006,0,27.828793774319067,0,1,
simroute,1533608370000,-122.08651193349436,37.41654566761725,0,27.828793774319067,0,1,
simroute,1533608372000,-122.08635000000001,37.416430000000005,0,27.828793774319067,0,1,
simroute,1533608374000,-122.08589024479949,37.416088472570834,0,27.828793774319067,0,1,
simroute,1533608376000,-122.08543049169543,37.4157469451417,0,27.828793774319067,0,1,
simroute,1533608378000,-122.08497074068782,37.41540541771255,0,27.828793774319067,0,1,
simroute,1533608380000,-122.08495,37.41539,0,27.828793774319067,0,1,
simroute,1533608382000,-122.08448425871643,37.415053633555445,0,27.828793774319067,0,1,
simroute,1533608384000,-122.08405,37.41474,0,27.828793774319067,0,1,
simroute,1533608386000,-122.08356784086862,37.41441856188925,0,27.828793774319067,0,1,
simroute,1533608388000,-122.08330000000001,37.41424000000001,0,27.828793774319067,0,1,
simroute,1533608390000,-122.08280010197547,37.41393614046262,0,27.828793774319067,0,1,
simroute,1533608392000,-122.08279000000002,37.41393,0,27.828793774319067,0,1,
simroute,1533608394000,-122.08228068995021,37.41363616847215,0,27.828793774319067,0,1,
simroute,1533608396000,-122.08201000000001,37.41348,0,27.828793774319067,0,1,
simroute,1533608398000,-122.08147728187367,37.41321364128782,0,27.828793774319067,0,1,
simroute,1533608400000,-122.08139000000001,37.41317,0,27.828793774319067,0,1,
simroute,1533608402000,-122.08084365792473,37.4129216635447,0,27.828793774319067,0,1,
simroute,1533608404000,-122.08062000000001,37.41282,0,27.828793774319067,0,1,
simroute,1533608406000,-122.08006115393914,37.41258988919985,0,27.828793774319067,0,1,
simroute,1533608408000,-122.07950230959506,37.41235977839972,0,27.828793774319067,0,1,
simroute,1533608410000,-122.07943000000002,37.412330000000004,0,27.828793774319067,0,1,
simroute,1533608412000,-122.0788693340362,37.412102704960404,0,27.828793774319067,0,1,
simroute,1533608414000,-122.07832,37.411880000000004,0,27.828793774319067,0,1,
simroute,1533608416000,-122.07776411824773,37.41164541364923,0,27.828793774319067,0,1,
simroute,1533608418000,-122.07720823823621,37.411410827298475,0,27.828793774319067,0,1,
simroute,1533608420000,-122.07665235996552,37.411176240947725,0,27.828793774319067,0,1,
simroute,1533608422000,-122.07614000000001,37.41096,0,27.828793774319067,0,1,
simroute,1533608424000,-122.07557608405784,37.41073785163594,0,27.828793774319067,0,1,
simroute,1533608426000,-122.07548000000001,37.410700000000006,0,27.828793774319067,0,1,
simroute,1533608428000,-122.07492153385914,37.41046933217961,0,27.828793774319067,0,1,
simroute,1533608430000,-122.07436306943794,37.41023866435924,0,27.828793774319067,0,1,
simroute,1533608432000,-122.07410000000002,37.41013,0,27.828793774319067,0,1,
simroute,1533608434000,-122.07353608907238,37.40990785361137,0,27.828793774319067,0,1,
simroute,1533608436000,-122.07344,37.409870000000005,0,27.828793774319067,0,1,
simroute,1533608438000,-122.07287869037617,37.4096437382651,0,27.828793774319067,0,1,
simroute,1533608440000,-122.07231738244764,37.409417476530216,0,27.828793774319067,0,1,
simroute,1533608442000,-122.07215000000001,37.40935,0,27.828793774319067,0,1,
simroute,1533608444000,-122.07159185862122,37.409118852106964,0,27.828793774319067,0,1,
simroute,1533608446000,-122.07116,37.40894,0,27.828793774319067,0,1,
simroute,1533608448000,-122.07059443990255,37.408720529284885,0,27.828793774319067,0,1,
simroute,1533608450000,-122.07049,37.408680000000004,0,27.828793774319067,0,1,
simroute,1533608452000,-122.06991968827964,37.40846843292028,0,27.828793774319067,0,1,
simroute,1533608454000,-122.06987000000001,37.40845,0,27.828793774319067,0,1,
simroute,1533608456000,-122.06928817536573,37.408259237917385,0,27.828793774319067,0,1,
simroute,1533608458000,-122.06926000000001,37.40825,0,27.828793774319067,0,1,
simroute,1533608460000,-122.06866771123708,37.40808077497733,0,27.828793774319067,0,1,
simroute,1533608462000,-122.06856,37.40805,0,27.828793774319067,0,1,
simroute,1533608464000,-122.06795874300781,37.40790207368028,0,27.828793774319067,0,1,
simroute,1533608466000,-122.06735748720286,37.407754147360585,0,27.828793774319067,0,1,
simroute,1533608468000,-122.0673,37.407740000000004,0,27.828793774319067,0,1,
simroute,1533608470000,-122.06669141136922,37.40761239273978,0,27.828793774319067,0,1,
simroute,1533608472000,-122.06668,37.407610000000005,0,27.828793774319067,0,1,
simroute,1533608474000,-122.06607289215503,37.40747802027737,0,27.828793774319067,0,1,
simroute,1533608476000,-122.06599000000001,37.40746,0,27.828793774319067,0,1,
simroute,1533608478000,-122.06538268898771,37.407328614923266,0,27.828793774319067,0,1,
simroute,1533608480000,-122.06477537904044,37.40719722984654,0,27.828793774319067,0,1,
simroute,1533608482000,-122.06416807015819,37.407065844769804,0,27.828793774319067,0,1,
simroute,1533608484000,-122.06391,37.40701,0,27.828793774319067,0,1,
simroute,1533608486000,-122.0633028938613,37.40687802943717,0,27.828793774319067,0,1,
simroute,1533608488000,-122.06269578879204,37.40674605887437,0,27.828793774319067,0,1,
simroute,1533608490000,-122.06208868479212,37.406614088311564,0,27.828793774319067,0,1,
simroute,1533608492000,-122.06148158186159,37.40648211774877,0,27.828793774319067,0,1,
simroute,1533608494000,-122.0608744800004,37.406350147185975,0,27.828793774319067,0,1,
simroute,1533608496000,-122.0602673792086,37.4062181766232,0,27.828793774319067,0,1,
simroute,1533608498000,-122.06023,37.40621,0,27.828793774319067,0,1,
simroute,1533608500000,-122.05962361781178,37.406075964237736,0,27.828793774319067,0,1,
simroute,1533608502000,-122.05901723670831,37.40594192847547,0,27.828793774319067,0,1,
simroute,1533608504000,-122.05841085668965,37.405807892713206,0,27.828793774319067,0,1,
simroute,1533608506000,-122.05780447775578,37.40567385695095,0,27.828793774319067,0,1,
simroute,1533608508000,-122.05738000000001,37.40558,0,27.828793774319067,0,1,
simroute,1533608510000,-122.05677299098511,37.40544778139955,0,27.828793774319067,0,1,
simroute,1533608512000,-122.05637000000002,37.40536,0,27.828793774319067,0,1,
simroute,1533608514000,-122.05576789258038,37.40521432890388,0,27.828793774319067,0,1,
simroute,1533608516000,-122.05575,37.405210000000004,0,27.828793774319067,0,1,
simroute,1533608518000,-122.05515268406805,37.405052375339096,0,27.828793774319067,0,1,
simroute,1533608520000,-122.05503000000002,37.40502,0,27.828793774319067,0,1,
simroute,1533608522000,-122.05443517503,37.404856542936116,0,27.828793774319067,0,1,
simroute,1533608524000,-122.05384035135756,37.404693085872246,0,27.828793774319067,0,1,
simroute,1533608526000,-122.05324552898281,37.404529628808376,0,27.828793774319067,0,1,
simroute,1533608528000,-122.05265070790568,37.40436617174452,0,27.828793774319067,0,1,
simroute,1533608530000,-122.05241000000001,37.404300000000006,0,27.828793774319067,0,1,
simroute,1533608532000,-122.05181201413234,37.40414400396836,0,27.828793774319067,0,1,
simroute,1533608534000,-122.05172,37.404120000000006,0,27.828793774319067,0,1,
simroute,1533608536000,-122.05112031413483,37.40396818137184,0,27.828793774319067,0,1,
simroute,1533608538000,-122.05093000000001,37.40392000000001,0,27.828793774319067,0,1,
simroute,1533608540000,-122.05032363592352,37.40378596543977,0,27.828793774319067,0,1,
simroute,1533608542000,-122.04971727293167,37.403651930879555,0,27.828793774319067,0,1,
simroute,1533608544000,-122.04911091102451,37.40351789631934,0,27.828793774319067,0,1,
simroute,1533608546000,-122.04903000000002,37.4035,0,27.828793774319067,0,1,
simroute,1533608548000,-122.04842369078233,37.40336581862249,0,27.828793774319067,0,1,
simroute,1533608550000,-122.04781738265035,37.40323163724496,0,27.828793774319067,0,1,
simroute,1533608552000,-122.04781000000001,37.40323,0,27.828793774319067,0,1,
simroute,1533608554000,-122.04720458737563,37.40309329396673,0,27.828793774319067,0,1,
simroute,1533608556000,-122.04719000000001,37.403090000000006,0,27.828793774319067,0,1,
simroute,1533608558000,-122.04658200134196,37.402960742380394,0,27.828793774319067,0,1,
simroute,1533608560000,-122.04597400373268,37.40283148476078,0,27.828793774319067,0,1,
simroute,1533608562000,-122.04592000000001,37.402820000000006,0,27.828793774319067,0,1,
simroute,1533608564000,-122.04531346621593,37.40268647637257,0,27.828793774319067,0,1,
simroute,1533608566000,-122.04470693351266,37.40255295274515,0,27.828793774319067,0,1,
simroute,1533608568000,-122.04410040189015,37.40241942911773,0,27.828793774319067,0,1,
simroute,1533608570000,-122.04349387134846,37.402285905490324,0,27.828793774319067,0,1,
simroute,1533608572000,-122.04288734188754,37.40215238186291,0,27.828793774319067,0,1,
simroute,1533608574000,-122.04228081350738,37.402018858235515,0,27.828793774319067,0,1,
simroute,1533608576000,-122.04167428620792,37.40188533460813,0,27.828793774319067,0,1,
simroute,1533608578000,-122.04106775998923,37.401751810980755,0,27.828793774319067,0,1,
simroute,1533608580000,-122.04046123485125,37.401618287353394,0,27.828793774319067,0,1,
simroute,1533608582000,-122.03997000000001,37.40151,0,27.828793774319067,0,1,
simroute,1533608584000,-122.03936260570993,37.40137899908926,0,27.828793774319067,0,1,
simroute,1533608586000,-122.0387552124817,37.40124799817853,0,27.828793774319067,0,1,
simroute,1533608588000,-122.03814782031532,37.40111699726782,0,27.828793774319067,0,1,
simroute,1533608590000,-122.03754042921076,37.400985996357115,0,27.828793774319067,0,1,
simroute,1533608592000,-122.03742000000001,37.400960000000005,0,27.828793774319067,0,1,
simroute,1533608594000,-122.03681313691516,37.40082746745666,0,27.828793774319067,0,1,
simroute,1533608596000,-122.03655,37.40077,0,27.828793774319067,0,1,
simroute,1533608598000,-122.03594356928232,37.400636228734996,0,27.828793774319067,0,1,
simroute,1533608600000,-122.03587000000002,37.40062,0,27.828793774319067,0,1,
simroute,1533608602000,-122.03526316717256,37.40048738800463,0,27.828793774319067,0,1,
simroute,1533608604000,-122.03465633541896,37.40035477600927,0,27.828793774319067,0,1,
simroute,1533608606000,-122.03404950473919,37.40022216401392,0,27.828793774319067,0,1,
simroute,1533608608000,-122.03344267513324,37.40008955201856,0,27.828793774319067,0,1,
simroute,1533608610000,-122.03285000000001,37.39996,0,27.828793774319067,0,1,
simroute,1533608612000,-122.03224325875959,37.39982713920094,0,27.828793774319067,0,1,
simroute,1533608614000,-122.03163651859484,37.399694278401874,0,27.828793774319067,0,1,
simroute,1533608616000,-122.03148000000002,37.399660000000004,0,9.253196930946292,0,1,
simroute,1533608618000,-122.03129737086675,37.39957883171814,0,9.253196930946292,0,1,
simroute,1533608620000,-122.03112000000002,37.3995,0,9.253196930946292,0,1,
simroute,1533608622000,-122.0309245831524,37.399440525344055,0,9.253196930946292,0,1,
simroute,1533608624000,-122.03089000000001,37.39943,0,9.253196930946292,0,1,
simroute,1533608626000,-122.03069477407962,37.39937013130971,0,9.253196930946292,0,1,
simroute,1533608628000,-122.03049954831522,37.399310262619416,0,9.253196930946292,0,1,
simroute,1533608630000,-122.03030432270674,37.399250393929115,0,9.253196930946292,0,1,
simroute,1533608632000,-122.03014,37.3992,0,9.253196930946292,0,1,
simroute,1533608634000,-122.02994849607978,37.39913297363743,0,9.253196930946292,0,1,
simroute,1533608636000,-122.02994000000001,37.39913,0,9.253196930946292,0,1,
simroute,1533608638000,-122.02978176155432,37.39902121107154,0,9.253196930946292,0,1,
simroute,1533608640000,-122.02978000000002,37.39902,0,9.253196930946292,0,1,
simroute,1533608642000,-122.02964553749689,37.39889261459159,0,9.253196930946292,0,1,
simroute,1533608644000,-122.02959000000001,37.39884,0,9.253196930946292,0,1,
simroute,1533608646000,-122.0294692889936,37.39870420021788,0,9.253196930946292,0,1,
simroute,1533608648000,-122.02943,37.39866,0,9.253196930946292,0,1,
simroute,1533608650000,-122.02931169264804,37.39852287186638,0,9.253196930946292,0,1,
simroute,1533608652000,-122.02919338551254,37.39838574373277,0,9.253196930946292,0,1,
simroute,1533608654000,-122.02907507859356,37.39824861559915,0,9.253196930946292,0,1,
simroute,1533608656000,-122.02899000000001,37.39815,0,9.253196930946292,0,1,
simroute,1533608658000,-122.02886975867597,37.398013938114254,0,9.253196930946292,0,1,
simroute,1533608660000,-122.02874951757019,37.39787787622849,0,9.253196930946292,0,1,
simroute,1533608662000,-122.02862927668275,37.397741814342744,0,9.253196930946292,0,1,
simroute,1533608664000,-122.02861000000001,37.39772,0,9.253196930946292,0,1,
simroute,1533608666000,-122.0285028874863,37.397577183353654,0,9.253196930946292,0,1,
simroute,1533608668000,-122.02849,37.397560000000006,0,9.253196930946292,0,1,
simroute,1533608670000,-122.02843907931288,37.39739875122118,0,9.253196930946292,0,1,
simroute,1533608672000,-122.02843000000001,37.39737,0,9.253196930946292,0,1,
simroute,1533608674000,-122.02842125785878,37.39720389936988,0,9.253196930946292,0,1,
simroute,1533608676000,-122.02842000000001,37.397180000000006,0,9.253196930946292,0,1,
simroute,1533608678000,-122.02842922691718,37.39701391592125,0,9.253196930946292,0,1,
simroute,1533608680000,-122.02843845381392,37.3968478318425,0,9.253196930946292,0,1,
simroute,1533608682000,-122.02844,37.396820000000005,0,9.253196930946292,0,1,
simroute,1533608684000,-122.02848851506747,37.39665828385914,0,9.253196930946292,0,1,
simroute,1533608686000,-122.02853703003024,37.39649656771827,0,9.253196930946292,0,1,
simroute,1533608688000,-122.02858554488836,37.396334851577414,0,9.253196930946292,0,1,
simroute,1533608690000,-122.02859000000001,37.39632,0,9.253196930946292,0,1,
simroute,1533608692000,-122.02864548696016,37.39615970513573,0,9.253196930946292,0,1,
simroute,1533608694000,-122.02870097380162,37.39599941027146,0,9.253196930946292,0,1,
simroute,1533608696000,-122.02875646052445,37.39583911540718,0,9.253196930946292,0,1,
simroute,1533608698000,-122.02877000000001,37.3958,0,9.253196930946292,0,1,
simroute,1533608700000,-122.02881851490599,37.395638283953595,0,9.253196930946292,0,1,
simroute,1533608702000,-122.02886000000001,37.395500000000006,0,9.253196930946292,0,1,
simroute,1533608704000,-122.02890818923368,37.39533822254233,0,9.253196930946292,0,1,
simroute,1533608706000,-122.02895637836332,37.39517644508465,0,9.253196930946292,0,1,
simroute,1533608708000,-122.02900000000001,37.395030000000006,0,9.253196930946292,0,1,
simroute,1533608710000,-122.02904590480944,37.394867803822684,0,9.253196930946292,0,1,
simroute,1533608712000,-122.02909180951951,37.394705607645356,0,9.253196930946292,0,1,
simroute,1533608714000,-122.02913771413029,37.39454341146803,0,9.253196930946292,0,1,
simroute,1533608716000,-122.02915000000002,37.3945,0,9.253196930946292,0,1,
simroute,1533608718000,-122.02919968974072,37.39433850942675,0,9.253196930946292,0,1,
simroute,1533608720000,-122.02924937937433,37.39417701885349,0,9.253196930946292,0,1,
simroute,1533608722000,-122.02929906890085,37.39401552828025,0,9.253196930946292,0,1,
simroute,1533608724000,-122.02934875832034,37.393854037706994,0,9.253196930946292,0,1,
simroute,1533608726000,-122.02935000000001,37.39385,0,9.253196930946292,0,1,
simroute,1533608728000,-122.02940626004693,37.39368987571693,0,9.253196930946292,0,1,
simroute,1533608730000,-122.02946251997366,37.39352975143386,0,9.253196930946292,0,1,
simroute,1533608732000,-122.02948,37.393480000000004,0,9.253196930946292,0,1,
simroute,1533608734000,-122.02953699762065,37.393320040511455,0,9.253196930946292,0,1,
simroute,1533608736000,-122.02959399511968,37.39316008102289,0,9.253196930946292,0,1,
simroute,1533608738000,-122.02965099249707,37.39300012153434,0,9.253196930946292,0,1,
simroute,1533608740000,-122.02970798975286,37.39284016204579,0,9.253196930946292,0,1,
simroute,1533608742000,-122.02976498688702,37.39268020255723,0,9.253196930946292,0,1,
simroute,1533608744000,-122.02979,37.392610000000005,0,9.253196930946292,0,1,
simroute,1533608746000,-122.02983897814084,37.392448372508746,0,9.253196930946292,0,1,
simroute,1533608748000,-122.02988795617614,37.39228674501748,0,9.253196930946292,0,1,
simroute,1533608750000,-122.02989000000001,37.39228,0,9.253196930946292,0,1,
simroute,1533608752000,-122.02994194879187,37.392118959075795,0,9.253196930946292,0,1,
simroute,1533608754000,-122.02999000000001,37.39197,0,9.253196930946292,0,1,
simroute,1533608756000,-122.03004466683188,37.391809528060016,0,9.253196930946292,0,1,
simroute,1533608758000,-122.03009933354673,37.39164905612003,0,9.253196930946292,0,1,
simroute,1533608760000,-122.03015400014459,37.391488584180046,0,9.253196930946292,0,1,
simroute,1533608762000,-122.03020866662541,37.39132811224005,0,9.253196930946292,0,1,
simroute,1533608764000,-122.0302633329892,37.39116764030007,0,9.253196930946292,0,1,
simroute,1533608766000,-122.03030000000001,37.39106,0,9.253196930946292,0,1,
simroute,1533608768000,-122.03034703006495,37.39089800788247,0,9.253196930946292,0,1,
simroute,1533608770000,-122.03039000000001,37.390750000000004,0,9.253196930946292,0,1,
simroute,1533608772000,-122.03043509422855,37.39058766081654,0,9.253196930946292,0,1,
simroute,1533608774000,-122.03044000000001,37.390570000000004,0,9.253196930946292,0,1,
simroute,1533608776000,-122.03047718184058,37.390406400026656,0,9.253196930946292,0,1,
simroute,1533608778000,-122.03049000000001,37.390350000000005,0,9.253196930946292,0,1,
simroute,1533608780000,-122.03052919285506,37.39018669662961,0,9.253196930946292,0,1,
simroute,1533608782000,-122.03055,37.390100000000004,0,9.253196930946292,0,1,
simroute,1533608784000,-122.03057120390343,37.38993461005157,0,9.253196930946292,0,1,
simroute,1533608786000,-122.03059240776008,37.389769220103126,0,9.253196930946292,0,1,
simroute,1533608788000,-122.0306,37.38971,0,9.253196930946292,0,1,
simroute,1533608790000,-122.03062175594084,37.38954465532588,0,9.253196930946292,0,1,
simroute,1533608792000,-122.03064351183366,37.389379310651755,0,9.253196930946292,0,1,
simroute,1533608794000,-122.03065000000001,37.38933,0,9.253196930946292,0,1,
simroute,1533608796000,-122.03067279401864,37.389164743641416,0,9.253196930946292,0,1,
simroute,1533608798000,-122.03069,37.38904,0,9.253196930946292,0,1,
simroute,1533608800000,-122.03071133925869,37.38887462106596,0,9.253196930946292,0,1,
simroute,1533608802000,-122.03073,37.38873,0,9.253196930946292,0,1,
simroute,1533608804000,-122.03075991597905,37.3885654622382,0,9.253196930946292,0,1,
simroute,1533608806000,-122.03077,37.388510000000004,0,9.253196930946292,0,1,
simroute,1533608808000,-122.03081632028153,37.38834787912082,0,9.253196930946292,0,1,
simroute,1533608810000,-122.03083000000001,37.3883,0,9.253196930946292,0,1,
simroute,1533608812000,-122.03088042103798,37.38813865338549,0,9.253196930946292,0,1,
simroute,1533608814000,-122.0309308419674,37.38797730677098,0,9.253196930946292,0,1,
simroute,1533608816000,-122.03098000000001,37.387820000000005,0,9.253196930946292,0,1,
simroute,1533608818000,-122.03102824621277,37.38765823419219,0,9.253196930946292,0,1,
simroute,1533608820000,-122.0310764923214,37.38749646838436,0,9.253196930946292,0,1,
simroute,1533608822000,-122.03112473832596,37.38733470257654,0,9.253196930946292,0,1,
simroute,1533608824000,-122.03115000000001,37.38725,0,9.253196930946292,0,1,
simroute,1533608826000,-122.03120754088258,37.38709016441512,0,9.253196930946292,0,1,
simroute,1533608828000,-122.03124000000001,37.387,0,9.253196930946292,0,1,
simroute,1533608830000,-122.03129470359272,37.38683953674826,0,9.253196930946292,0,1,
simroute,1533608832000,-122.03134940706832,37.386679073496516,0,9.253196930946292,0,1,
simroute,1533608834000,-122.03139000000002,37.38656,0,9.253196930946292,0,1,
simroute,1533608836000,-122.03144209189986,37.38639898907022,0,9.253196930946292,0,1,
simroute,1533608838000,-122.03149418368787,37.38623797814044,0,9.253196930946292,0,1,
simroute,1533608840000,-122.03150000000001,37.38622,0,9.253196930946292,0,1,
simroute,1533608842000,-122.03155209188526,37.38605898911548,0,9.253196930946292,0,1,
simroute,1533608844000,-122.0316041836586,37.385897978230965,0,9.253196930946292,0,1,
simroute,1533608846000,-122.03161000000001,37.38588,0,9.253196930946292,0,1,
simroute,1533608848000,-122.03166356837721,37.38571929531054,0,9.253196930946292,0,1,
simroute,1533608850000,-122.0317171366396,37.385558590621066,0,9.253196930946292,0,1,
simroute,1533608852000,-122.03173000000001,37.38552,0,9.253196930946292,0,1,
simroute,1533608854000,-122.031783568236,37.385359295334936,0,9.253196930946292,0,1,
simroute,1533608856000,-122.03179000000002,37.38534000000001,0,9.253196930946292,0,1,
simroute,1533608858000,-122.03184282035272,37.38517913914632,0,9.253196930946292,0,1,
simroute,1533608860000,-122.0318956405921,37.38501827829262,0,9.253196930946292,0,1,
simroute,1533608862000,-122.03194846071813,37.384857417438916,0,9.253196930946292,0,1,
simroute,1533608864000,-122.03200128073081,37.38469655658521,0,9.253196930946292,0,1,
simroute,1533608866000,-122.03201000000001,37.38467,0,9.253196930946292,0,1,
simroute,1533608868000,-122.0320660586051,37.38450983264533,0,9.253196930946292,0,1,
simroute,1533608870000,-122.03208000000001,37.38447,0,9.253196930946292,0,1,
simroute,1533608872000,-122.03213573520611,37.38430976143718,0,9.253196930946292,0,1,
simroute,1533608874000,-122.03216,37.384240000000005,0,9.253196930946292,0,1,
simroute,1533608876000,-122.03220917898324,37.38407841206399,0,9.253196930946292,0,1,
simroute,1533608878000,-122.03223000000001,37.38401,0,9.253196930946292,0,1,
simroute,1533608880000,-122.0322835682274,37.38384929556017,0,9.253196930946292,0,1,
simroute,1533608882000,-122.03232000000001,37.38374,0,9.253196930946292,0,1,
simroute,1533608884000,-122.0323709201312,37.383578752981656,0,9.253196930946292,0,1,
simroute,1533608886000,-122.03238,37.38355,0,9.253196930946292,0,1,
simroute,1533608888000,-122.03243424407356,37.38338943882766,0,9.253196930946292,0,1,
simroute,1533608890000,-122.03248848803094,37.38322887765532,0,9.253196930946292,0,1,
simroute,1533608892000,-122.03254273187224,37.38306831648299,0,9.253196930946292,0,1,
simroute,1533608894000,-122.03259697559736,37.382907755310654,0,9.253196930946292,0,1,
simroute,1533608896000,-122.03263000000001,37.382810000000006,0,9.253196930946292,0,1,
simroute,1533608898000,-122.03268356812976,37.382649295720036,0,9.253196930946292,0,1,
simroute,1533608900000,-122.0327,37.382600000000004,0,9.253196930946292,0,1,
simroute,1533608902000,-122.03275356826504,37.38243929578008,0,9.253196930946292,0,1,
simroute,1533608904000,-122.03280713641527,37.382278591560166,0,9.253196930946292,0,1,
simroute,1533608906000,-122.03284000000001,37.382180000000005,0,9.253196930946292,0,1,
simroute,1533608908000,-122.03288376817045,37.38201743272584,0,9.253196930946292,0,1,
simroute,1533608910000,-122.03291000000002,37.38192,0,9.253196930946292,0,1,
simroute,1533608912000,-122.03296356806737,37.381759295840716,0,9.253196930946292,0,1,
simroute,1533608914000,-122.03297,37.38174,0,9.253196930946292,0,1,
simroute,1533608916000,-122.03303337429452,37.38158156468882,0,9.253196930946292,0,1,
simroute,1533608918000,-122.0330967484552,37.381423129377644,0,9.253196930946292,0,1,
simroute,1533608920000,-122.03311000000001,37.38139,0,9.253196930946292,0,1,
simroute,1533608922000,-122.03316829007127,37.381230336935275,0,9.253196930946292,0,1,
simroute,1533608924000,-122.03322658001844,37.38107067387055,0,9.253196930946292,0,1,
simroute,1533608926000,-122.03328486984151,37.38091101080582,0,9.253196930946292,0,1,
simroute,1533608928000,-122.03334000000001,37.38076,0,9.253196930946292,0,1,
simroute,1533608930000,-122.03338794723288,37.380598178927784,0,9.253196930946292,0,1,
simroute,1533608932000,-122.0334358943623,37.380436357855565,0,9.253196930946292,0,1,
simroute,1533608934000,-122.03348384138826,37.380274536783354,0,9.253196930946292,0,1,
simroute,1533608936000,-122.0335,37.38022,0,9.253196930946292,0,1,
simroute,1533608938000,-122.03353861937745,37.38005661118351,0,9.253196930946292,0,1,
simroute,1533608940000,-122.03357723867077,37.379893222367016,0,9.253196930946292,0,1,
simroute,1533608942000,-122.03361585787991,37.37972983355052,0,9.253196930946292,0,1,
simroute,1533608944000,-122.03363000000002,37.379670000000004,0,9.253196930946292,0,1,
simroute,1533608946000,-122.03366283710619,37.379505814770106,0,9.253196930946292,0,1,
simroute,1533608948000,-122.03369,37.37937,0,9.253196930946292,0,1,
simroute,1533608950000,-122.0337294099487,37.379206730493685,0,9.253196930946292,0,1,
simroute,1533608952000,-122.03376000000002,37.37908,0,9.253196930946292,0,1,
simroute,1533608954000,-122.03379130926714,37.378915626448894,0,9.253196930946292,0,1,
simroute,1533608956000,-122.03380000000001,37.378870000000006,0,9.253196930946292,0,1,
simroute,1533608958000,-122.033830458279,37.37870552552745,0,9.253196930946292,0,1,
simroute,1533608960000,-122.03385000000002,37.378600000000006,0,9.253196930946292,0,1,
simroute,1533608962000,-122.03389794699228,37.37843817914114,0,9.253196930946292,0,1,
simroute,1533608964000,-122.03393000000001,37.378330000000005,0,9.253196930946292,0,1,
simroute,1533608966000,-122.03397282260357,37.37816727416681,0,9.253196930946292,0,1,
simroute,1533608968000,-122.03398000000001,37.37814,0,9.253196930946292,0,1,
simroute,1533608970000,-122.03404491022582,37.377981958603264,0,9.253196930946292,0,1,
simroute,1533608972000,-122.03410982031482,37.37782391720653,0,9.253196930946292,0,1,
simroute,1533608974000,-122.03417473026707,37.37766587580978,0,9.253196930946292,0,1,
simroute,1533608976000,-122.03421000000002,37.37758,0,9.253196930946292,0,1,
simroute,1533608978000,-122.03427037576824,37.377420827810376,0,9.253196930946292,0,1,
simroute,1533608980000,-122.03432000000001,37.37729,0,9.253196930946292,0,1,
simroute,1533608982000,-122.0343860338732,37.37713225301835,0,9.253196930946292,0,1,
simroute,1533608984000,-122.0344520676075,37.3769745060367,0,9.253196930946292,0,1,
simroute,1533608986000,-122.03450000000001,37.37686,0,9.253196930946292,0,1,
simroute,1533608988000,-122.03456023975184,37.37670079540928,0,9.253196930946292,0,1,
simroute,1533608990000,-122.0346204793758,37.37654159081855,0,9.253196930946292,0,1,
simroute,1533608992000,-122.03464000000001,37.376490000000004,0,9.253196930946292,0,1,
simroute,1533608994000,-122.03469430320695,37.37632945254021,0,9.253196930946292,0,1,
simroute,1533608996000,-122.03474860629763,37.376168905080426,0,9.253196930946292,0,1,
simroute,1533608998000,-122.03480290927212,37.376008357620634,0,9.253196930946292,0,1,
simroute,1533609000000,-122.03485721213036,37.37584781016084,0,9.253196930946292,0,1,
simroute,1533609002000,-122.03487000000001,37.37581,0,9.253196930946292,0,1,
simroute,1533609004000,-122.03492194808837,37.37564896125645,0,9.253196930946292,0,1,
simroute,1533609006000,-122.03497000000002,37.3755,0,9.253196930946292,0,1,
simroute,1533609008000,-122.03502878112465,37.37534045172219,0,9.253196930946292,0,1,
simroute,1533609010000,-122.0350875621242,37.375180903444374,0,9.253196930946292,0,1,
simroute,1533609012000,-122.03511,37.37512,0,9.253196930946292,0,1,
simroute,1533609014000,-122.03516512746705,37.37495963025038,0,9.253196930946292,0,1,
simroute,1533609016000,-122.0352202548163,37.37479926050077,0,9.253196930946292,0,1,
simroute,1533609018000,-122.03527538204764,37.374638890751164,0,9.253196930946292,0,1,
simroute,1533609020000,-122.03533000000002,37.374480000000005,0,9.253196930946292,0,1,
simroute,1533609022000,-122.03538186558802,37.37431894465148,0,9.253196930946292,0,1,
simroute,1533609024000,-122.0354337310647,37.37415788930295,0,9.253196930946292,0,1,
simroute,1533609026000,-122.03548559643002,37.37399683395441,0,9.253196930946292,0,1,
simroute,1533609028000,-122.03552,37.37389,0,9.253196930946292,0,1,
simroute,1533609030000,-122.03557677637747,37.373729994178014,0,9.253196930946292,0,1,
simroute,1533609032000,-122.03563000000001,37.373580000000004,0,9.253196930946292,0,1,
simroute,1533609034000,-122.03567887011724,37.37341835423755,0,9.253196930946292,0,1,
simroute,1533609036000,-122.03572774012912,37.3732567084751,0,9.253196930946292,0,1,
simroute,1533609038000,-122.03577661003573,37.37309506271264,0,9.253196930946292,0,1,
simroute,1533609040000,-122.03582547983706,37.37293341695018,0,9.253196930946292,0,1,
simroute,1533609042000,-122.035874349533,37.37277177118774,0,9.253196930946292,0,1,
simroute,1533609044000,-122.03589000000001,37.37272,0,9.253196930946292,0,1,
simroute,1533609046000,-122.035940420325,37.372558655311764,0,9.253196930946292,0,1,
simroute,1533609048000,-122.03599000000001,37.372400000000006,0,9.253196930946292,0,1,
simroute,1533609050000,-122.03603563080856,37.372237757474885,0,9.253196930946292,0,1,
simroute,1533609052000,-122.03608000000001,37.372080000000004,0,9.253196930946292,0,1,
simroute,1533609054000,-122.03612851414368,37.37191828671604,0,9.253196930946292,0,1,
simroute,1533609056000,-122.0361770281828,37.37175657343208,0,9.253196930946292,0,1,
simroute,1533609058000,-122.03620000000001,37.371680000000005,0,9.253196930946292,0,1,
simroute,1533609060000,-122.03625573519076,37.371519763521455,0,9.253196930946292,0,1,
simroute,1533609062000,-122.03631147026249,37.3713595270429,0,9.253196930946292,0,1,
simroute,1533609064000,-122.03636720521513,37.37119929056434,0,9.253196930946292,0,1,
simroute,1533609066000,-122.03642294004874,37.371039054085784,0,9.253196930946292,0,1,
simroute,1533609068000,-122.03647867476332,37.37087881760723,0,9.253196930946292,0,1,
simroute,1533609070000,-122.03653440935886,37.37071858112868,0,9.253196930946292,0,1,
simroute,1533609072000,-122.03659014383533,37.370558344650135,0,9.253196930946292,0,1,
simroute,1533609074000,-122.0366,37.37053,0,9.253196930946292,0,1,
simroute,1533609076000,-122.03665356763759,37.37036929746258,0,9.253196930946292,0,1,
simroute,1533609078000,-122.03670713516044,37.37020859492518,0,9.253196930946292,0,1,
simroute,1533609080000,-122.03671000000001,37.370200000000004,0,9.253196930946292,0,1,
simroute,1533609082000,-122.03676274592243,37.3700391259324,0,9.253196930946292,0,1,
simroute,1533609084000,-122.03681549173177,37.3698782518648,0,9.253196930946292,0,1,
simroute,1533609086000,-122.036868237428,37.369717377797194,0,9.253196930946292,0,1,
simroute,1533609088000,-122.03691,37.36959,0,9.253196930946292,0,1,
simroute,1533609090000,-122.03696478555423,37.36942955714455,0,9.253196930946292,0,1,
simroute,1533609092000,-122.03701957099133,37.36926911428909,0,9.253196930946292,0,1,
simroute,1533609094000,-122.03705000000001,37.36918,0,2.9655172413793105,0,1,
simroute,1533609096000,-122.03706830529165,37.369128745246556,0,2.9655172413793105,0,1,
simroute,1533609098000,-122.03708661057078,37.36907749049311,0,2.9655172413793105,0,1,
simroute,1533609100000,-122.03710000000001,37.369040000000005,0,2.9655172413793105,0,1,
simroute,1533609102000,-122.03703519536356,37.369026356957605,0,2.9655172413793105,0,1,
simroute,1533609104000,-122.03697039073893,37.369012713915204,0,2.9655172413793105,0,1,
simroute,1533609106000,-122.03691,37.369,0,2.9655172413793105,0,1,
simroute,1533609108000,-122.03684438748832,37.368989064633794,0,2.9655172413793105,0,1,
simroute,1533609110000,-122.03677877498615,37.368978129267596,0,2.9655172413793105,0,1,
simroute,1533609112000,-122.03671316249358,37.36896719390139,0,2.9655172413793105,0,1,
simroute,1533609114000,-122.03667000000002,37.36896,0,2.9655172413793105,0,1,
simroute,1533609116000,-122.03660455424574,37.36894845083235,0,2.9655172413793105,0,1,
simroute,1533609118000,-122.03653910850153,37.368936901664696,0,2.9655172413793105,0,1,
simroute,1533609120000,-122.03647366276738,37.368925352497044,0,2.9655172413793105,0,1,
simroute,1533609122000,-122.03640821704334,37.36891380332939,0,2.9655172413793105,0,1,
simroute,1533609124000,-122.03634277132937,37.368902254161746,0,2.9655172413793105,0,1,
simroute,1533609126000,-122.03627732562546,37.36889070499409,0,2.9655172413793105,0,1,
