time,long,lat,speed
1533607260,-122.23687,37.48502000000001,4.379310344827586
1533607262,-122.23692859134856,37.485083474032606,4.379310344827586
1533607264,-122.23698718274687,37.48514694806521,4.379310344827586
1533607266,-122.23698999999999,37.48515,4.379310344827586
1533607268,-122.23705163336979,37.485211633411396,4.379310344827586
1533607270,-122.23709,37.48525,4.379310344827586
1533607272,-122.23713814710482,37.48531878161151,4.379310344827586
1533607274,-122.23716,37.48535,4.379310344827586
1533607276,-122.23718703525576,37.48542569893143,4.379310344827586
1533607278,-122.23721407053893,37.48550139786285,4.379310344827586
1533607280,-122.23724110584948,37.48557709679428,4.379310344827586
1533607282,-122.23726,37.48563,4.379310344827586
1533607284,-122.23728410114323,37.48570632040679,4.379310344827586
1533607286,-122.23730820231116,37.48578264081358,4.379310344827586
1533607288,-122.23732,37.48582,4.379310344827586
1533607290,-122.23735112617771,37.485894702874276,4.379310344827586
1533607292,-122.23737,37.48594000000001,4.379310344827586
1533607294,-122.2374316336216,37.486001633663214,4.379310344827586
1533607296,-122.23747000000002,37.48604,2.949152542372881
1533607298,-122.23742037136073,37.48607544903923,2.949152542372881
1533607300,-122.2374,37.48609,2.949152542372881
1533607302,-122.23735410902123,37.486128489373215,2.949152542372881
1533607304,-122.23730821801875,37.48616697874645,2.949152542372881
1533607306,-122.23726232699266,37.486205468119664,2.949152542372881
1533607308,-122.23721643594295,37.48624395749289,2.949152542372881
1533607310,-122.23717054486963,37.4862824468661,2.949152542372881
1533607312,-122.23712465377264,37.486320936239316,2.949152542372881
1533607314,-122.23709,37.48635,2.949152542372881
1533607316,-122.23704297640472,37.48638761887799,2.949152542372881
1533607318,-122.23704,37.48639,2.949152542372881
1533607320,-122.23699325777511,37.48642783904308,2.949152542372881
1533607322,-122.23694651552648,37.486465678086155,2.949152542372881
1533607324,-122.23689977325421,37.48650351712924,2.949152542372881
1533607326,-122.23685303095823,37.48654135617231,2.949152542372881
1533607328,-122.23683,37.48656,2.949152542372881
1533607330,-122.23678180290348,37.486596671941314,2.949152542372881
1533607332,-122.23673360578327,37.486633343882616,2.949152542372881
1533607334,-122.23668540863945,37.48667001582393,2.949152542372881
1533607336,-122.23663721147192,37.48670668776524,2.949152542372881
1533607338,-122.23658901428075,37.486743359706544,2.949152542372881
1533607340,-122.23654081706593,37.48678003164787,2.949152542372881
1533607342,-122.23649261982746,37.486816703589184,2.949152542372881
1533607344,-122.23644442256534,37.48685337553048,2.949152542372881
1533607346,-122.23639622527958,37.486890047471796,2.949152542372881
1533607348,-122.23637,37.486909999999995,2.949152542372881
1533607350,-122.2363219783394,37.486946816752685,2.949152542372881
1533607352,-122.23627395665504,37.486983633505375,2.949152542372881
1533607354,-122.23622593494707,37.48702045025807,2.949152542372881
1533607356,-122.23617791321544,37.487057267010776,2.949152542372881
1533607358,-122.23612989146014,37.48709408376347,2.949152542372881
1533607360,-122.23608186968113,37.487130900516156,2.949152542372881
1533607362,-122.23607,37.48714,5.928571428571429
1533607364,-122.2361545440856,37.487222734320895,5.928571428571429
1533607366,-122.23623908826481,37.48730546864179,5.928571428571429
1533607368,-122.23632363253763,37.487388202962705,5.928571428571429
1533607370,-122.23640817690409,37.487470937283604,5.928571428571429
1533607372,-122.23649272136421,37.48755367160449,5.928571428571429
1533607374,-122.23657726591792,37.487636405925386,5.928571428571429
1533607376,-122.23666181056524,37.48771914024629,5.928571428571429
1533607378,-122.23674635530621,37.487801874567204,5.928571428571429
1533607380,-122.23683090014084,37.4878846088881,5.928571428571429
1533607382,-122.23691544506909,37.48796734320901,5.928571428571429
1533607384,-122.23699999009096,37.488050077529905,5.928571428571429
1533607386,-122.23708453520645,37.48813281185082,5.928571428571429
1533607388,-122.23716908041565,37.488215546171716,5.928571428571429
1533607390,-122.23725362571844,37.488298280492636,5.928571428571429
1533607392,-122.23733817111487,37.488381014813534,5.928571428571429
1533607394,-122.23742271660495,37.48846374913443,5.928571428571429
1533607396,-122.23747000000002,37.48851000000001,5.928571428571429
1533607398,-122.23756136190694,37.488588038791924,5.928571428571429
1533607400,-122.23765272390926,37.488666077583815,5.928571428571429
1533607402,-122.23774408600708,37.48874411637572,5.928571428571429
1533607404,-122.23783544820031,37.48882215516762,5.928571428571429
1533607406,-122.237926810489,37.48890019395952,5.928571428571429
1533607408,-122.23795,37.48892,5.928571428571429
1533607410,-122.23803958297115,37.4889993269874,5.928571428571429
1533607412,-122.23812916603742,37.489078653974794,5.928571428571429
1533607414,-122.23821874919884,37.48915798096218,5.928571428571429
1533607416,-122.2383083324554,37.489237307949594,5.928571428571429
1533607418,-122.23839791580707,37.489316634936976,5.928571428571429
1533607420,-122.23848749925388,37.489395961924366,5.928571428571429
1533607422,-122.23857708279579,37.489475288911756,5.928571428571429
1533607424,-122.23866666643288,37.489554615899145,5.928571428571429
1533607426,-122.23875625016512,37.48963394288655,5.928571428571429
1533607428,-122.23884583399246,37.48971326987393,5.928571428571429
1533607430,-122.23893541791494,37.489792596861314,5.928571428571429
1533607432,-122.2390250019326,37.489871923848696,5.928571428571429
1533607434,-122.2391145860454,37.48995125083608,5.928571428571429
1533607436,-122.23920417025327,37.49003057782346,5.928571428571429
1533607438,-122.23926000000002,37.490080000000006,5.928571428571429
1533607440,-122.23935205852769,37.49015752309428,5.928571428571429
1533607442,-122.23944411715091,37.490235046188545,5.928571428571429
1533607444,-122.23945,37.49024,5.928571428571429
1533607446,-122.23953989359892,37.490319106576905,5.928571428571429
1533607448,-122.23962978729305,37.49039821315381,5.928571428571429
1533607450,-122.2397,37.49046000000001,5.100719424460432
1533607452,-122.2396238480876,37.49052889950401,5.100719424460432
1533607454,-122.23954769610492,37.49059779900799,5.100719424460432
1533607456,-122.23948999999999,37.49065,5.100719424460432
1533607458,-122.23941471317228,37.49071949559765,5.100719424460432
1533607460,-122.23936,37.49077000000001,5.100719424460432
1533607462,-122.23929889802582,37.490847766574504,5.100719424460432
1533607464,-122.23923779598806,37.490925533148996,5.100719424460432
1533607466,-122.23917669388665,37.491003299723495,5.100719424460432
1533607468,-122.23911559172164,37.491081066297994,5.100719424460432
1533607470,-122.23905448949301,37.49115883287248,5.100719424460432
1533607472,-122.23903,37.49119,5.100719424460432
1533607474,-122.23895821144623,37.49126178860204,5.100719424460432
1533607476,-122.23892,37.4913,5.100719424460432
1533607478,-122.23884308782772,37.491368366390255,5.100719424460432
1533607480,-122.23883,37.49138000000001,5.100719424460432
1533607482,-122.23874866742624,37.49144506607842,5.100719424460432
1533607484,-122.23873,37.49146,5.100719424460432
1533607486,-122.23864253210314,37.49151984654976,5.100719424460432
1533607488,-122.23855506413616,37.491579693099524,5.100719424460432
1533607490,-122.23854,37.49159,5.100719424460432
1533607492,-122.23845495916929,37.49165200978229,5.100719424460432
1533607494,-122.23836991826808,37.491714019564576,5.100719424460432
1533607496,-122.23828487729617,37.491776029346866,5.100719424460432
1533607498,-122.23819983625368,37.491838039129156,5.100719424460432
1533607500,-122.23811479514058,37.49190004891144,5.100719424460432
1533607502,-122.23802975395687,37.49196205869373,5.100719424460432
1533607504,-122.2379447127026,37.492024068476006,5.100719424460432
1533607506,-122.23785967137769,37.492086078258296,5.100719424460432
1533607508,-122.2377746299822,37.492148088040594,5.100719424460432
1533607510,-122.23768958851605,37.49221009782286,5.100719424460432
1533607512,-122.23760454697936,37.492272107605146,5.100719424460432
1533607514,-122.23758,37.49229,5.100719424460432
1533607516,-122.23749485703695,37.492351922178905,5.100719424460432
1533607518,-122.23747000000002,37.49237,5.100719424460432
1533607520,-122.23738498839441,37.49243203577085,5.100719424460432
1533607522,-122.23729997671819,37.49249407154168,5.100719424460432
1533607524,-122.23721496497132,37.49255610731251,5.100719424460432
1533607526,-122.23712995315384,37.492618143083355,5.100719424460432
1533607528,-122.2371,37.49264,5.100719424460432
1533607530,-122.23701683789403,37.492703594638634,5.100719424460432
1533607532,-122.23693367571724,37.492767189277245,5.100719424460432
1533607534,-122.23693000000002,37.49277,5.100719424460432
1533607536,-122.23684563765171,37.492832591640244,5.100719424460432
1533607538,-122.23676127523271,37.49289518328047,5.100719424460432
1533607540,-122.236676912743,37.492957774920704,5.100719424460432
1533607542,-122.23662000000002,37.493,5.100719424460432
1533607544,-122.23653297176712,37.49306025035483,5.100719424460432
1533607546,-122.23648999999999,37.49309,5.100719424460432
1533607548,-122.23640115489798,37.493148557312004,5.100719424460432
1533607550,-122.23631230972626,37.49320711462402,5.100719424460432
1533607552,-122.23622346448492,37.49326567193602,5.100719424460432
1533607554,-122.23613461917392,37.49332422924804,5.100719424460432
1533607556,-122.23605,37.49338,5.100719424460432
1533607558,-122.23596866634632,37.4934450669424,5.100719424460432
1533607560,-122.23595000000002,37.493460000000006,5.100719424460432
1533607562,-122.23586840322444,37.49352485929437,5.100719424460432
1533607564,-122.23578680637807,37.49358971858872,5.100719424460432
1533607566,-122.23570520946085,37.49365457788308,5.100719424460432
1533607568,-122.23562361247276,37.49371943717743,5.100719424460432
1533607570,-122.23556,37.49377000000001,5.100719424460432
1533607572,-122.23547315318571,37.493830415735324,5.100719424460432
1533607574,-122.23538630630115,37.493890831470665,5.100719424460432
1533607576,-122.23529945934636,37.49395124720599,5.100719424460432
1533607578,-122.23521261232132,37.494011662941325,5.100719424460432
1533607580,-122.23512576522604,37.494072078676645,5.100719424460432
1533607582,-122.2350389180605,37.49413249441198,5.100719424460432
1533607584,-122.23495207082465,37.494192910147305,5.100719424460432
1533607586,-122.23487000000002,37.49425,5.100719424460432
1533607588,-122.23478435641421,37.494311487992405,5.100719424460432
1533607590,-122.23469871275783,37.49437297598481,5.100719424460432
1533607592,-122.23461306903096,37.49443446397722,5.100719424460432
1533607594,-122.23452742523358,37.49449595196961,5.100719424460432
1533607596,-122.23448,37.49453000000001,5.100719424460432
1533607598,-122.23439707344738,37.49459378970322,5.100719424460432
1533607600,-122.23435,37.49463,5.100719424460432
1533607602,-122.23426498700077,37.4946920367878,5.100719424460432
1533607604,-122.2341799739309,37.49475407357559,5.100719424460432
1533607606,-122.23409496079046,37.49481611036337,5.100719424460432
1533607608,-122.23400994757941,37.494878147151155,5.100719424460432
1533607610,-122.23398000000002,37.4949,27.82879377431907
1533607612,-122.23342554897856,37.49513762214589,27.82879377431907
1533607614,-122.23335000000002,37.49517,27.82879377431907
1533607616,-122.23284630118536,37.495470452224396,27.82879377431907
1533607618,-122.23278,37.495509999999996,27.82879377431907
1533607620,-122.23218150462458,37.49566652971786,27.82879377431907
1533607622,-122.23213,37.49568,27.82879377431907
1533607624,-122.23150908047808,37.49559462406251,27.82879377431907
1533607626,-122.23133,37.49557,27.82879377431907
1533607628,-122.23072829079528,37.495421430456524,27.82879377431907
1533607630,-122.23052,37.49537,27.82879377431907
1533607632,-122.22991895961798,37.495219740022776,27.82879377431907
1533607634,-122.22988,37.49521,27.82879377431907
1533607636,-122.22926663355423,37.495095307232425,27.82879377431907
1533607638,-122.22865326805038,37.494980614464886,27.82879377431907
1533607640,-122.22865000000002,37.49498000000001,27.82879377431907
1533607642,-122.22805671671404,37.49481145451268,27.82879377431907
1533607644,-122.22776999999999,37.49473,27.82879377431907
1533607646,-122.22717544481495,37.49456430434096,27.82879377431907
1533607648,-122.22716,37.49456,27.82879377431907
1533607650,-122.22657536032663,37.49437341402912,27.82879377431907
1533607652,-122.22622,37.49426,27.82879377431907
1533607654,-122.22563902721652,37.49406634256792,27.82879377431907
1533607656,-122.22559,37.49405,27.82879377431907
1533607658,-122.22501686585896,37.493842161300286,27.82879377431907
1533607660,-122.22468,37.49372,27.82879377431907
1533607662,-122.22411232032844,37.49350294640149,27.82879377431907
1533607664,-122.22399999999999,37.493460000000006,27.82879377431907
1533607666,-122.223444874655,37.493223389399695,27.82879377431907
1533607668,-122.22339,37.4932,27.82879377431907
1533607670,-122.2228360450537,37.492961671681,27.82879377431907
1533607672,-122.22253,37.49283000000001,27.82879377431907
1533607674,-122.22198321931864,37.4925814645985,27.82879377431907
1533607676,-122.22165,37.49243000000001,27.82879377431907
1533607678,-122.22109926199975,37.49218703166965,27.82879377431907
1533607680,-122.22054852579106,37.4919440633393,27.82879377431907
1533607682,-122.21999779137388,37.49170109500896,27.82879377431907
1533607684,-122.21995,37.49168,27.82879377431907
1533607686,-122.2193993265268,37.49143694750092,27.82879377431907
1533607688,-122.21884865484549,37.49119389500186,27.82879377431907
1533607690,-122.2185,37.49104000000001,27.82879377431907
1533607692,-122.2179529786419,37.49079181641599,27.82879377431907
1533607694,-122.21741999999999,37.490550000000006,27.82879377431907
1533607696,-122.21686864040464,37.49030794069625,27.82879377431907
1533607698,-122.2166,37.49019000000001,27.82879377431907
1533607700,-122.21603926593536,37.48996190489277,27.82879377431907
1533607702,-122.21601,37.48995,27.82879377431907
1533607704,-122.21544438213778,37.489729630126426,27.82879377431907
1533607706,-122.21524,37.48965000000001,27.82879377431907
1533607708,-122.21466918138742,37.48943824487827,27.82879377431907
1533607710,-122.21462,37.48942,27.82879377431907
1533607712,-122.21404180547121,37.489221245837854,27.82879377431907
1533607714,-122.21398,37.4892,27.82879377431907
1533607716,-122.21339574499241,37.48901273941885,27.82879377431907
1533607718,-122.2132,37.48895,27.82879377431907
1533607720,-122.21260987418884,37.488774716442435,27.82879377431907
1533607722,-122.21218999999999,37.48865,27.82879377431907
1533607724,-122.21159191901592,37.48849261076522,27.82879377431907
1533607726,-122.21143,37.48845,27.82879377431907
1533607728,-122.2108283430872,37.48830144336814,27.82879377431907
1533607730,-122.21061999999999,37.48825,27.82879377431907
1533607732,-122.21001294832443,37.4881159760855,27.82879377431907
1533607734,-122.20985,37.48808,27.82879377431907
1533607736,-122.20923738916453,37.48796298524629,27.82879377431907
1533607738,-122.20896,37.48791000000001,27.82879377431907
1533607740,-122.20834535403576,37.487799914313655,27.82879377431907
1533607742,-122.20828999999999,37.48779,27.82879377431907
1533607744,-122.207671074124,37.48769622346706,27.82879377431907
1533607746,-122.20763,37.48769,27.82879377431907
1533607748,-122.20701012037262,37.487600280970646,27.82879377431907
1533607750,-122.20687,37.48758,27.82879377431907
1533607752,-122.20624722199852,37.487503966166976,27.82879377431907
1533607754,-122.20562444463087,37.48742793233394,27.82879377431907
1533607756,-122.20515,37.48737000000001,27.82879377431907
1533607758,-122.20452741568151,37.48729298288404,27.82879377431907
1533607760,-122.20390483200492,37.4872159657681,27.82879377431907
1533607762,-122.20328224897014,37.48713894865216,27.82879377431907
1533607764,-122.20321,37.48713,27.82879377431907
1533607766,-122.2025876275696,37.48705192212313,27.82879377431907
1533607768,-122.20196525578967,37.486973844246286,27.82879377431907
1533607770,-122.20134288466022,37.48689576636945,27.82879377431907
1533607772,-122.20072051418116,37.48681768849261,27.82879377431907
1533607774,-122.2005,37.486790000000006,27.82879377431907
1533607776,-122.19987724911408,37.48671386037011,27.82879377431907
1533607778,-122.19925449886291,37.486637720740205,27.82879377431907
1533607780,-122.19863174924637,37.48656158111032,27.82879377431907
1533607782,-122.19821,37.486509999999996,27.82879377431907
1533607784,-122.19758702916205,37.486435014024565,27.82879377431907
1533607786,-122.19713000000002,37.48638,27.82879377431907
1533607788,-122.19650824699852,37.486298904511685,27.82879377431907
1533607790,-122.195886494672,37.48621780902339,27.82879377431907
1533607792,-122.19552000000002,37.48617,27.82879377431907
1533607794,-122.19489676469101,37.48609642584946,27.82879377431907
1533607796,-122.19427352999577,37.486022851698905,27.82879377431907
1533607798,-122.19408,37.486,27.82879377431907
1533607800,-122.19345768746626,37.48592166917854,27.82879377431907
1533607802,-122.192835375585,37.48584333835707,27.82879377431907
1533607804,-122.19265,37.48582,27.82879377431907
1533607806,-122.19202774287157,37.48574140000254,27.82879377431907
1533607808,-122.1917,37.4857,27.82879377431907
1533607810,-122.19107772068514,37.48562151566424,27.82879377431907
1533607812,-122.19059,37.48556,27.82879377431907
1533607814,-122.1899672541238,37.48548388737726,27.82879377431907
1533607816,-122.18969,37.48545,27.82879377431907
1533607818,-122.18906946598473,37.48536325954551,27.82879377431907
1533607820,-122.18876000000002,37.48532,27.82879377431907
1533607822,-122.1881424001058,37.48522095220582,27.82879377431907
1533607824,-122.1877,37.48515,27.82879377431907
1533607826,-122.18708561783144,37.48503907018801,27.82879377431907
1533607828,-122.18698,37.48502000000001,27.82879377431907
1533607830,-122.18636951860941,37.48489625414887,27.82879377431907
1533607832,-122.18624,37.48487,27.82879377431907
1533607834,-122.18563397560715,37.484733156743644,27.82879377431907
1533607836,-122.18531000000002,37.48466000000001,27.82879377431907
1533607838,-122.18470952796001,37.48450853112541,27.82879377431907
1533607840,-122.1842,37.48438,27.82879377431907
1533607842,-122.18360948418552,37.484205622349315,27.82879377431907
1533607844,-122.1830189697493,37.48403124469861,27.82879377431907
1533607846,-122.18271,37.48394,27.82879377431907
1533607848,-122.18212490366051,37.483754482412564,27.82879377431907
1533607850,-122.18189,37.48368,27.82879377431907
1533607852,-122.18131412194644,37.48347713489642,27.82879377431907
1533607854,-122.18101,37.48337,27.82879377431907
1533607856,-122.18043689632022,37.48316225069275,27.82879377431907
1533607858,-122.18021000000002,37.48308,27.82879377431907
1533607860,-122.17965305048607,37.48284621964878,27.82879377431907
1533607862,-122.17940000000002,37.48274,27.82879377431907
1533607864,-122.1788587777425,37.48248401727528,27.82879377431907
1533607866,-122.17866,37.48239,27.82879377431907
1533607868,-122.17813167431984,37.48211758252974,27.82879377431907
1533607870,-122.17801999999999,37.48206,27.82879377431907
1533607872,-122.17750178704034,37.481775616128594,27.82879377431907
1533607874,-122.1772,37.481609999999996,27.82879377431907
1533607876,-122.17669160245269,37.481314673765276,27.82879377431907
1533607878,-122.17618320691486,37.48101934753055,27.82879377431907
1533607880,-122.17567481338637,37.48072402129584,27.82879377431907
1533607882,-122.17516642186716,37.48042869506114,27.82879377431907
1533607884,-122.17479000000002,37.48021,27.82879377431907
1533607886,-122.17427917028208,37.47991733911553,27.82879377431907
1533607888,-122.17383,37.479659999999996,27.82879377431907
1533607890,-122.17332101379291,37.47936532741016,27.82879377431907
1533607892,-122.17281202959299,37.479070654820326,27.82879377431907
1533607894,-122.1725,37.47889,27.82879377431907
1533607896,-122.17199076451408,37.47859560447508,27.82879377431907
1533607898,-122.17148153103426,37.47830120895017,27.82879377431907
1533607900,-122.17097229956062,37.478006813425274,27.82879377431907
1533607902,-122.17058000000002,37.477779999999996,27.82879377431907
1533607904,-122.17006999315385,37.4774864548839,27.82879377431907
1533607906,-122.16955998831101,37.477192909767794,27.82879377431907
1533607908,-122.16904998547147,37.47689936465172,27.82879377431907
1533607910,-122.16886,37.47679,27.82879377431907
1533607912,-122.16834992721978,37.476496534438475,27.82879377431907
1533607914,-122.16813,37.47637,27.82879377431907
1533607916,-122.1676238642367,37.476072275380545,27.82879377431907
1533607918,-122.16711773048974,37.475774550761116,27.82879377431907
1533607920,-122.16711,37.47577,27.82879377431907
1533607922,-122.16661271148564,37.47546303322938,27.82879377431907
1533607924,-122.1663,37.47527,27.82879377431907
1533607926,-122.16579945334246,37.474966390232865,27.82879377431907
1533607928,-122.16569,37.47490000000001,27.82879377431907
1533607930,-122.16518368577806,37.474602477221886,27.82879377431907
1533607932,-122.16472000000002,37.47433,27.82879377431907
1533607934,-122.16421195974226,37.47403434039018,27.82879377431907
1533607936,-122.16370392149423,37.47373868078039,27.82879377431907
1533607938,-122.1635,37.47362,27.82879377431907
1533607940,-122.1629929979627,37.47332322520234,27.82879377431907
1533607942,-122.16248599793856,37.4730264504047,27.82879377431907
1533607944,-122.1619789999275,37.47272967560706,27.82879377431907
1533607946,-122.16147200392952,37.47243290080945,27.82879377431907
1533607948,-122.16145000000002,37.47242,27.82879377431907
1533607950,-122.16094387645686,37.4721222909378,27.82879377431907
1533607952,-122.16043775492949,37.4718245818756,27.82879377431907
1533607954,-122.15993163541805,37.471526872813406,27.82879377431907
1533607956,-122.1594255179224,37.47122916375125,27.82879377431907
1533607958,-122.15891940244249,37.470931454689094,27.82879377431907
1533607960,-122.15856,37.47072,27.82879377431907
1533607962,-122.15805820952623,37.470417718075545,27.82879377431907
1533607964,-122.15773000000002,37.47022000000001,27.82879377431907
1533607966,-122.15722747848974,37.469918487536155,27.82879377431907
1533607968,-122.15713,37.46986,27.82879377431907
1533607970,-122.15662462526757,37.46956150921922,27.82879377431907
1533607972,-122.15611925255314,37.469263018438454,27.82879377431907
1533607974,-122.15561388185664,37.46896452765768,27.82879377431907
1533607976,-122.15541999999999,37.46885,27.82879377431907
1533607978,-122.15491080750786,37.468555632159116,27.82879377431907
1533607980,-122.15440161702082,37.468261264318244,27.82879377431907
1533607982,-122.15389242853882,37.467966896477364,27.82879377431907
1533607984,-122.15338324206186,37.467672528636506,27.82879377431907
1533607986,-122.15287405758987,37.46737816079567,27.82879377431907
1533607988,-122.15286,37.46737,27.82879377431907
1533607990,-122.15235107043422,37.467075356837505,27.82879377431907
1533607992,-122.15229,37.46704,27.82879377431907
1533607994,-122.15178491651459,37.46674121914045,27.82879377431907
1533607996,-122.15158,37.466620000000006,27.82879377431907
1533607998,-122.15107626192888,37.466319794658396,27.82879377431907
1533608000,-122.15059,37.466029999999996,27.82879377431907
1533608002,-122.15008651369942,37.4657295328956,27.82879377431907
1533608004,-122.14997,37.46566,27.82879377431907
1533608006,-122.14946216857805,37.465364178191535,27.82879377431907
1533608008,-122.14895433916548,37.46506835638307,27.82879377431907
1533608010,-122.14894,37.46506,27.82879377431907
1533608012,-122.14842931630044,37.464767292409896,27.82879377431907
1533608014,-122.14811999999999,37.46459,27.82879377431907
1533608016,-122.14761140295928,37.464295015893896,27.82879377431907
1533608018,-122.14712000000002,37.464009999999995,27.82879377431907
1533608020,-122.14661680411058,37.46370924089807,27.82879377431907
1533608022,-122.14625,37.46349,27.82879377431907
1533608024,-122.1457436367828,37.46319261263138,27.82879377431907
1533608026,-122.14562,37.46312,27.82879377431907
1533608028,-122.14511676536812,37.46281928805531,27.82879377431907
1533608030,-122.1448,37.46263,27.82879377431907
1533608032,-122.14428394766445,37.46234330474851,27.82879377431907
1533608034,-122.14417000000002,37.46228,27.82879377431907
1533608036,-122.14366364207821,37.461982615741356,27.82879377431907
1533608038,-122.14354000000002,37.461909999999996,27.82879377431907
1533608040,-122.14303364200134,37.46161261851179,27.82879377431907
1533608042,-122.14252728601656,37.46131523702359,27.82879377431907
1533608044,-122.14228,37.46117,27.82879377431907
1533608046,-122.14177474696112,37.46087144208062,27.82879377431907
1533608048,-122.14161999999999,37.46078,27.82879377431907
1533608050,-122.14111297818488,37.46048334022963,27.82879377431907
1533608052,-122.14068,37.460229999999996,27.82879377431907
1533608054,-122.14017279647044,37.45993354003091,27.82879377431907
1533608056,-122.13966559495168,37.459637080061825,27.82879377431907
1533608058,-122.13926,37.4594,27.82879377431907
1533608060,-122.1387582577314,37.45909774711448,27.82879377431907
1533608062,-122.13843,37.4589,27.82879377431907
1533608064,-122.1379235508449,37.45860273821279,27.82879377431907
1533608066,-122.13751,37.458360000000006,27.82879377431907
1533608068,-122.13700394293522,37.4580623216728,27.82879377431907
1533608070,-122.13649788788484,37.457764643345605,27.82879377431907
1533608072,-122.13649,37.45776,27.82879377431907
1533608074,-122.1359884980857,37.45745750736684,27.82879377431907
1533608076,-122.13586,37.45738,27.82879377431907
1533608078,-122.13535646172987,37.45707964928846,27.82879377431907
1533608080,-122.13485292548201,37.456779298576926,27.82879377431907
1533608082,-122.13434939125635,37.45647894786539,27.82879377431907
1533608084,-122.13415,37.45636,27.82879377431907
1533608086,-122.1336453796522,37.45606080313769,27.82879377431907
1533608088,-122.13314076132315,37.455761606275395,27.82879377431907
1533608090,-122.13302000000002,37.45569,27.82879377431907
1533608092,-122.13250764774193,37.45539920646889,27.82879377431907
1533608094,-122.13228,37.45527000000001,27.82879377431907
1533608096,-122.13177557462518,37.454970603838646,27.82879377431907
1533608098,-122.13127115126964,37.4546712076773,27.82879377431907
1533608100,-122.13076672993331,37.45437181151595,27.82879377431907
1533608102,-122.13073,37.45435000000001,27.82879377431907
1533608104,-122.13022754608568,37.4540485285473,27.82879377431907
1533608106,-122.13003,37.45393,27.82879377431907
1533608108,-122.12952754623251,37.45362853135649,27.82879377431907
1533608110,-122.1290250944902,37.45332706271297,27.82879377431907
1533608112,-122.12873,37.45315,27.82879377431907
1533608114,-122.12822638041223,37.452849765319684,27.82879377431907
1533608116,-122.12821,37.45284,27.82879377431907
1533608118,-122.12770529661293,37.452540916670046,27.82879377431907
1533608120,-122.12767,37.45252,27.82879377431907
1533608122,-122.12716442894724,37.45222184394209,27.82879377431907
1533608124,-122.12688999999999,37.452059999999996,27.82879377431907
1533608126,-122.12641390876809,37.45173268809992,27.82879377431907
1533608128,-122.12625,37.45162000000001,27.82879377431907
1533608130,-122.12579219272844,37.45127664488042,27.82879377431907
1533608132,-122.12573,37.451229999999995,27.82879377431907
1533608134,-122.12529705780548,37.45086688829444,27.82879377431907
1533608136,-122.12511,37.45071,27.82879377431907
1533608138,-122.1247011623991,37.45032968886347,27.82879377431907
1533608140,-122.1242923268768,37.44994937772695,27.82879377431907
1533608142,-122.12425,37.449909999999996,27.82879377431907
1533608144,-122.12384535127865,37.449526878655384,27.82879377431907
1533608146,-122.12344070462973,37.44914375731075,27.82879377431907
1533608148,-122.12331,37.44902,27.82879377431907
1533608150,-122.12291277695648,37.448632014922595,27.82879377431907
1533608152,-122.12288,37.448600000000006,27.82879377431907
1533608154,-122.1224771137584,37.44821571442626,27.82879377431907
1533608156,-122.12207422958636,37.4478314288525,27.82879377431907
1533608158,-122.12167134748378,37.44744714327878,27.82879377431907
1533608160,-122.12158,37.447359999999996,27.82879377431907
1533608162,-122.12117195924607,37.44697916223442,27.82879377431907
1533608164,-122.12113,37.44694000000001,27.82879377431907
1533608166,-122.12072938688836,37.446554225338346,27.82879377431907
1533608168,-122.12058999999999,37.44642,27.82879377431907
1533608170,-122.12018638631388,37.44603620364222,27.82879377431907
1533608172,-122.11978277469831,37.44565240728446,27.82879377431907
1533608174,-122.1193791651532,37.44526861092671,27.82879377431907
1533608176,-122.1189755576785,37.444884814568965,27.82879377431907
1533608178,-122.11896000000002,37.44487,27.82879377431907
1533608180,-122.11855573197454,37.444486643542774,27.82879377431907
1533608182,-122.11838000000002,37.44432000000001,27.82879377431907
1533608184,-122.11797749610884,37.44393547716979,27.82879377431907
1533608186,-122.11757499428619,37.44355095433957,27.82879377431907
1533608188,-122.11717249453208,37.44316643150936,27.82879377431907
1533608190,-122.11676999684641,37.44278190867916,27.82879377431907
1533608192,-122.11636750122915,37.44239738584898,27.82879377431907
1533608194,-122.11614000000002,37.44218,27.82879377431907
1533608196,-122.1157373022462,37.441795612743604,27.82879377431907
1533608198,-122.115334606561,37.441411225487215,27.82879377431907
1533608200,-122.11493191294448,37.44102683823082,27.82879377431907
1533608202,-122.11482,37.44092000000001,27.82879377431907
1533608204,-122.11441527755171,37.4405369601284,27.82879377431907
1533608206,-122.11426000000002,37.44039,27.82879377431907
1533608208,-122.11385303009632,37.4400084661896,27.82879377431907
1533608210,-122.11378,37.43994,27.82879377431907
1533608212,-122.11337720946476,37.43955568199613,27.82879377431907
1533608214,-122.11297442099811,37.43917136399227,27.82879377431907
1533608216,-122.11257163460004,37.43878704598842,27.82879377431907
1533608218,-122.11216885027044,37.438402727984574,27.82879377431907
1533608220,-122.11176606800932,37.438018409980735,27.82879377431907
1533608222,-122.1113632878167,37.437634091976925,27.82879377431907
1533608224,-122.1109605096924,37.43724977397311,27.82879377431907
1533608226,-122.1105577336365,37.4368654559693,27.82879377431907
1533608228,-122.11015495964891,37.43648113796551,27.82879377431907
1533608230,-122.10975218772958,37.436096819961726,27.82879377431907
1533608232,-122.10934941787858,37.43571250195796,27.82879377431907
1533608234,-122.10894665009569,37.4353281839542,27.82879377431907
1533608236,-122.10854388438094,37.43494386595045,27.82879377431907
1533608238,-122.10814112073432,37.4345595479467,27.82879377431907
1533608240,-122.10773835915579,37.43417522994296,27.82879377431907
1533608242,-122.1073355996453,37.43379091193923,27.82879377431907
1533608244,-122.1069328422028,37.43340659393553,27.82879377431907
1533608246,-122.10653008682829,37.43302227593183,27.82879377431907
1533608248,-122.10612733352168,37.43263795792814,27.82879377431907
1533608250,-122.10572458228295,37.43225363992443,27.82879377431907
1533608252,-122.10569,37.43222,27.82879377431907
1533608254,-122.10528941877949,37.43183425604806,27.82879377431907
1533608256,-122.10515,37.431700000000006,27.82879377431907
1533608258,-122.10474781925274,37.43131530879482,27.82879377431907
1533608260,-122.10434564057232,37.43093061758963,27.82879377431907
1533608262,-122.10423000000002,37.43082,27.82879377431907
1533608264,-122.10382619407835,37.43043638697707,27.82879377431907
1533608266,-122.10343,37.43006000000001,27.82879377431907
1533608268,-122.10302619413643,37.42967638965979,27.82879377431907
1533608270,-122.10262239034205,37.42929277931959,27.82879377431907
1533608272,-122.10223,37.42892000000001,27.82879377431907
1533608274,-122.1018282777199,37.42853501666647,27.82879377431907
1533608276,-122.10175,37.42846,27.82879377431907
1533608278,-122.10134464883936,37.428077424541456,27.82879377431907
1533608280,-122.10093929975015,37.427694849082926,27.82879377431907
1533608282,-122.10086,37.42762000000001,27.82879377431907
1533608284,-122.10045432588566,37.42723764351844,27.82879377431907
1533608286,-122.10004865384322,37.42685528703688,27.82879377431907
1533608288,-122.09998999999999,37.4268,27.82879377431907
1533608290,-122.09958931480436,37.426414343152864,27.82879377431907
1533608292,-122.09919,37.42603,27.82879377431907
1533608294,-122.09878707778877,37.42564581853517,27.82879377431907
1533608296,-122.09876,37.42562,27.82879377431907
1533608298,-122.09833882244459,37.4252483732918,27.82879377431907
1533608300,-122.09825,37.42517,27.82879377431907
1533608302,-122.09781649036785,37.42480742899216,27.82879377431907
1533608304,-122.0977,37.42471000000001,27.82879377431907
1533608306,-122.0972521401808,37.42435860342136,27.82879377431907
1533608308,-122.09705,37.424200000000006,27.82879377431907
1533608310,-122.09659228136627,37.4238567113589,27.82879377431907
1533608312,-122.09653000000002,37.423809999999996,27.82879377431907
1533608314,-122.09606253395306,37.42347509999916,27.82879377431907
1533608316,-122.09586000000002,37.42333,27.82879377431907
1533608318,-122.09539939937059,37.42298915574339,27.82879377431907
1533608320,-122.09536,37.422959999999996,27.82879377431907
1533608322,-122.09489457930864,37.4226233127152,27.82879377431907
1533608324,-122.09488999999999,37.42262,27.82879377431907
1533608326,-122.09442038970695,37.42228700402286,27.82879377431907
1533608328,-122.09434000000002,37.422230000000006,27.82879377431907
1533608330,-122.09387815891635,37.421890221873774,27.82879377431907
1533608332,-122.0934163199284,37.42155044374755,27.82879377431907
1533608334,-122.09295448303601,37.421210665621345,27.82879377431907
1533608336,-122.09294,37.421200000000006,27.82879377431907
1533608338,-122.09247786944913,37.42086047566071,27.82879377431907
1533608340,-122.09245,37.42084000000001,27.82879377431907
1533608342,-122.09198557967123,37.420502454008286,27.82879377431907
1533608344,-122.09152116143588,37.420164908016545,27.82879377431907
1533608346,-122.09105674529388,37.419827362024854,27.82879377431907
1533608348,-122.09059233124528,37.41948981603315,27.82879377431907
1533608350,-122.09040000000002,37.41935,27.82879377431907
1533608352,-122.08993552554165,37.419012509011694,27.82879377431907
1533608354,-122.08947105317644,37.41867501802341,27.82879377431907
1533608356,-122.08901000000002,37.41834,27.82879377431907
1533608358,-122.08854329196902,37.41800446379328,27.82879377431907
1533608360,-122.08807658602899,37.41766892758656,27.82879377431907
1533608362,-122.08760988217988,37.41733339137984,27.82879377431907
1533608364,-122.08748,37.41724,27.82879377431907
1533608366,-122.08701360473505,37.416904195583705,27.82879377431907
1533608368,-122.08698,37.416880000000006,27.82879377431907
1533608370,-122.08651193349436,37.41654566761725,27.82879377431907
1533608372,-122.08635,37.41643000000001,27.82879377431907
1533608374,-122.08589024479949,37.41608847257083,27.82879377431907
1533608376,-122.08543049169545,37.4157469451417,27.82879377431907
1533608378,-122.08497074068781,37.41540541771255,27.82879377431907
1533608380,-122.08495,37.41539,27.82879377431907
1533608382,-122.08448425871643,37.41505363355545,27.82879377431907
1533608384,-122.08405,37.41474,27.82879377431907
1533608386,-122.08356784086862,37.41441856188925,27.82879377431907
1533608388,-122.0833,37.41424000000001,27.82879377431907
1533608390,-122.08280010197548,37.41393614046262,27.82879377431907
1533608392,-122.08279000000002,37.41393,27.82879377431907
1533608394,-122.0822806899502,37.413636168472145,27.82879377431907
1533608396,-122.08201,37.41348,27.82879377431907
1533608398,-122.08147728187369,37.41321364128782,27.82879377431907
1533608400,-122.08139,37.41317,27.82879377431907
1533608402,-122.0808436579247,37.4129216635447,27.82879377431907
1533608404,-122.08062,37.41282,27.82879377431907
1533608406,-122.08006115393913,37.41258988919985,27.82879377431907
1533608408,-122.07950230959507,37.41235977839972,27.82879377431907
1533608410,-122.07943000000002,37.41233,27.82879377431907
1533608412,-122.0788693340362,37.4121027049604,27.82879377431907
1533608414,-122.07831999999999,37.41188,27.82879377431907
1533608416,-122.07776411824771,37.411645413649225,27.82879377431907
1533608418,-122.0772082382362,37.411410827298475,27.82879377431907
1533608420,-122.07665235996552,37.411176240947725,27.82879377431907
1533608422,-122.07614,37.410959999999996,27.82879377431907
1533608424,-122.07557608405784,37.410737851635936,27.82879377431907
1533608426,-122.07548,37.41070000000001,27.82879377431907
1533608428,-122.07492153385914,37.41046933217961,27.82879377431907
1533608430,-122.07436306943794,37.41023866435924,27.82879377431907
1533608432,-122.07410000000002,37.41013,27.82879377431907
1533608434,-122.07353608907238,37.40990785361137,27.82879377431907
1533608436,-122.07343999999999,37.40987000000001,27.82879377431907
1533608438,-122.07287869037614,37.409643738265096,27.82879377431907
1533608440,-122.07231738244764,37.409417476530216,27.82879377431907
1533608442,-122.07215,37.40935,27.82879377431907
1533608444,-122.07159185862122,37.409118852106964,27.82879377431907
1533608446,-122.07116,37.40894,27.82879377431907
1533608448,-122.07059443990255,37.40872052928489,27.82879377431907
1533608450,-122.07048999999999,37.40868,27.82879377431907
1533608452,-122.06991968827965,37.40846843292028,27.82879377431907
1533608454,-122.06987,37.40845,27.82879377431907
1533608456,-122.06928817536571,37.408259237917385,27.82879377431907
1533608458,-122.06926,37.40825,27.82879377431907
1533608460,-122.06866771123708,37.40808077497733,27.82879377431907
1533608462,-122.06856,37.40805,27.82879377431907
1533608464,-122.0679587430078,37.40790207368028,27.82879377431907
1533608466,-122.06735748720286,37.407754147360585,27.82879377431907
1533608468,-122.0673,37.40774,27.82879377431907
1533608470,-122.0666914113692,37.40761239273978,27.82879377431907
1533608472,-122.06668,37.40761000000001,27.82879377431907
1533608474,-122.06607289215506,37.40747802027737,27.82879377431907
1533608476,-122.06599,37.40746,27.82879377431907
1533608478,-122.06538268898771,37.40732861492327,27.82879377431907
1533608480,-122.06477537904043,37.40719722984654,27.82879377431907
1533608482,-122.06416807015819,37.40706584476981,27.82879377431907
1533608484,-122.06391,37.40701,27.82879377431907
1533608486,-122.06330289386129,37.40687802943717,27.82879377431907
1533608488,-122.06269578879204,37.40674605887437,27.82879377431907
1533608490,-122.06208868479212,37.40661408831157,27.82879377431907
1533608492,-122.06148158186159,37.40648211774877,27.82879377431907
1533608494,-122.06087448000041,37.40635014718598,27.82879377431907
1533608496,-122.0602673792086,37.4062181766232,27.82879377431907
1533608498,-122.06023,37.406209999999994,27.82879377431907
1533608500,-122.05962361781178,37.406075964237736,27.82879377431907
1533608502,-122.05901723670831,37.40594192847547,27.82879377431907
1533608504,-122.05841085668965,37.40580789271321,27.82879377431907
1533608506,-122.05780447775578,37.405673856950955,27.82879377431907
1533608508,-122.05738,37.40558,27.82879377431907
1533608510,-122.05677299098512,37.405447781399545,27.82879377431907
1533608512,-122.05637000000002,37.405359999999995,27.82879377431907
1533608514,-122.05576789258038,37.40521432890389,27.82879377431907
1533608516,-122.05575,37.40521,27.82879377431907
1533608518,-122.05515268406805,37.405052375339096,27.82879377431907
1533608520,-122.05503000000002,37.40502,27.82879377431907
1533608522,-122.05443517503001,37.404856542936116,27.82879377431907
1533608524,-122.05384035135755,37.404693085872246,27.82879377431907
1533608526,-122.05324552898279,37.404529628808376,27.82879377431907
1533608528,-122.0526507079057,37.40436617174452,27.82879377431907
1533608530,-122.05241,37.404300000000006,27.82879377431907
1533608532,-122.05181201413235,37.404144003968355,27.82879377431907
1533608534,-122.05171999999999,37.404120000000006,27.82879377431907
1533608536,-122.05112031413485,37.403968181371845,27.82879377431907
1533608538,-122.05093,37.40392000000001,27.82879377431907
1533608540,-122.05032363592352,37.40378596543977,27.82879377431907
1533608542,-122.04971727293169,37.40365193087956,27.82879377431907
1533608544,-122.04911091102451,37.40351789631934,27.82879377431907
1533608546,-122.04903000000002,37.4035,27.82879377431907
1533608548,-122.04842369078231,37.4033658186225,27.82879377431907
1533608550,-122.04781738265035,37.40323163724496,27.82879377431907
1533608552,-122.04781,37.40323,27.82879377431907
1533608554,-122.04720458737565,37.40309329396673,27.82879377431907
1533608556,-122.04719,37.40309000000001,27.82879377431907
1533608558,-122.04658200134196,37.4029607423804,27.82879377431907
1533608560,-122.04597400373268,37.40283148476078,27.82879377431907
1533608562,-122.04592,37.40282000000001,27.82879377431907
1533608564,-122.04531346621592,37.40268647637257,27.82879377431907
1533608566,-122.04470693351264,37.40255295274515,27.82879377431907
1533608568,-122.04410040189016,37.40241942911773,27.82879377431907
1533608570,-122.04349387134846,37.402285905490324,27.82879377431907
1533608572,-122.04288734188755,37.402152381862905,27.82879377431907
1533608574,-122.04228081350736,37.40201885823552,27.82879377431907
1533608576,-122.04167428620792,37.40188533460813,27.82879377431907
1533608578,-122.04106775998925,37.401751810980755,27.82879377431907
1533608580,-122.04046123485122,37.401618287353394,27.82879377431907
1533608582,-122.03997,37.401509999999995,27.82879377431907
1533608584,-122.03936260570991,37.40137899908926,27.82879377431907
1533608586,-122.0387552124817,37.401247998178526,27.82879377431907
1533608588,-122.0381478203153,37.40111699726782,27.82879377431907
1533608590,-122.03754042921076,37.400985996357115,27.82879377431907
1533608592,-122.03742,37.40096000000001,27.82879377431907
1533608594,-122.03681313691514,37.40082746745666,27.82879377431907
1533608596,-122.03655,37.40077,27.82879377431907
1533608598,-122.03594356928232,37.400636228734996,27.82879377431907
1533608600,-122.03587000000002,37.40062,27.82879377431907
1533608602,-122.03526316717256,37.400487388004635,27.82879377431907
1533608604,-122.03465633541894,37.40035477600927,27.82879377431907
1533608606,-122.03404950473922,37.40022216401392,27.82879377431907
1533608608,-122.03344267513323,37.400089552018564,27.82879377431907
1533608610,-122.03285,37.39996,27.82879377431907
1533608612,-122.03224325875959,37.39982713920094,27.82879377431907
1533608614,-122.03163651859484,37.39969427840187,27.82879377431907
1533608616,-122.03148000000002,37.39966,9.253196930946293
1533608618,-122.03129737086675,37.39957883171814,9.253196930946293
1533608620,-122.03112000000002,37.3995,9.253196930946293
1533608622,-122.03092458315241,37.399440525344055,9.253196930946293
1533608624,-122.03089,37.399429999999995,9.253196930946293
1533608626,-122.03069477407963,37.39937013130971,9.253196930946293
1533608628,-122.03049954831522,37.399310262619416,9.253196930946293
1533608630,-122.03030432270674,37.39925039392912,9.253196930946293
1533608632,-122.03013999999999,37.3992,9.253196930946293
1533608634,-122.02994849607978,37.39913297363743,9.253196930946293
1533608636,-122.02994,37.39913,9.253196930946293
1533608638,-122.02978176155432,37.39902121107154,9.253196930946293
1533608640,-122.02978000000002,37.39902,9.253196930946293
1533608642,-122.02964553749688,37.398892614591595,9.253196930946293
1533608644,-122.02959,37.39884,9.253196930946293
1533608646,-122.02946928899358,37.39870420021788,9.253196930946293
1533608648,-122.02943,37.39866,9.253196930946293
1533608650,-122.02931169264805,37.39852287186638,9.253196930946293
1533608652,-122.02919338551254,37.398385743732774,9.253196930946293
1533608654,-122.02907507859356,37.39824861559915,9.253196930946293
1533608656,-122.02899,37.39815,9.253196930946293
1533608658,-122.02886975867595,37.398013938114254,9.253196930946293
1533608660,-122.0287495175702,37.39787787622849,9.253196930946293
1533608662,-122.02862927668276,37.39774181434273,9.253196930946293
1533608664,-122.02861,37.39772,9.253196930946293
1533608666,-122.02850288748631,37.39757718335365,9.253196930946293
1533608668,-122.02848999999999,37.39756000000001,9.253196930946293
1533608670,-122.02843907931288,37.39739875122118,9.253196930946293
1533608672,-122.02843,37.39737,9.253196930946293
1533608674,-122.02842125785877,37.397203899369885,9.253196930946293
1533608676,-122.02842,37.39718000000001,9.253196930946293
1533608678,-122.0284292269172,37.39701391592125,9.253196930946293
1533608680,-122.02843845381392,37.3968478318425,9.253196930946293
1533608682,-122.02843999999999,37.39682000000001,9.253196930946293
1533608684,-122.02848851506748,37.39665828385914,9.253196930946293
1533608686,-122.02853703003024,37.39649656771827,9.253196930946293
1533608688,-122.02858554488836,37.39633485157741,9.253196930946293
1533608690,-122.02859,37.39632,9.253196930946293
1533608692,-122.02864548696016,37.39615970513573,9.253196930946293
1533608694,-122.02870097380163,37.39599941027146,9.253196930946293
1533608696,-122.02875646052445,37.39583911540718,9.253196930946293
1533608698,-122.02877,37.3958,9.253196930946293
1533608700,-122.028818514906,37.3956382839536,9.253196930946293
1533608702,-122.02886,37.39550000000001,9.253196930946293
1533608704,-122.02890818923369,37.39533822254233,9.253196930946293
1533608706,-122.0289563783633,37.39517644508465,9.253196930946293
1533608708,-122.029,37.39503000000001,9.253196930946293
1533608710,-122.02904590480944,37.39486780382269,9.253196930946293
1533608712,-122.02909180951951,37.394705607645356,9.253196930946293
1533608714,-122.02913771413029,37.39454341146803,9.253196930946293
1533608716,-122.02915000000002,37.3945,9.253196930946293
1533608718,-122.02919968974072,37.39433850942675,9.253196930946293
1533608720,-122.0292493793743,37.39417701885349,9.253196930946293
1533608722,-122.02929906890085,37.39401552828025,9.253196930946293
1533608724,-122.02934875832035,37.39385403770699,9.253196930946293
1533608726,-122.02935,37.39385,9.253196930946293
1533608728,-122.02940626004693,37.39368987571693,9.253196930946293
1533608730,-122.02946251997366,37.39352975143386,9.253196930946293
1533608732,-122.02948,37.39348,9.253196930946293
1533608734,-122.02953699762064,37.39332004051145,9.253196930946293
1533608736,-122.02959399511968,37.39316008102289,9.253196930946293
1533608738,-122.02965099249708,37.39300012153434,9.253196930946293
1533608740,-122.02970798975286,37.392840162045786,9.253196930946293
1533608742,-122.02976498688702,37.39268020255722,9.253196930946293
1533608744,-122.02978999999999,37.39261000000001,9.253196930946293
1533608746,-122.02983897814084,37.39244837250874,9.253196930946293
1533608748,-122.02988795617615,37.39228674501748,9.253196930946293
1533608750,-122.02989,37.39228,9.253196930946293
1533608752,-122.02994194879187,37.3921189590758,9.253196930946293
1533608754,-122.02999,37.39197,9.253196930946293
1533608756,-122.03004466683187,37.391809528060016,9.253196930946293
1533608758,-122.03009933354672,37.39164905612003,9.253196930946293
1533608760,-122.03015400014459,37.391488584180046,9.253196930946293
1533608762,-122.0302086666254,37.391328112240046,9.253196930946293
1533608764,-122.0302633329892,37.39116764030007,9.253196930946293
1533608766,-122.0303,37.391059999999996,9.253196930946293
1533608768,-122.03034703006495,37.39089800788247,9.253196930946293
1533608770,-122.03039,37.39075,9.253196930946293
1533608772,-122.03043509422855,37.39058766081654,9.253196930946293
1533608774,-122.03044,37.39057,9.253196930946293
1533608776,-122.03047718184057,37.390406400026656,9.253196930946293
1533608778,-122.03049,37.39035000000001,9.253196930946293
1533608780,-122.03052919285507,37.39018669662961,9.253196930946293
1533608782,-122.03055,37.3901,9.253196930946293
1533608784,-122.03057120390345,37.38993461005157,9.253196930946293
1533608786,-122.03059240776008,37.38976922010313,9.253196930946293
1533608788,-122.0306,37.38971,9.253196930946293
1533608790,-122.03062175594084,37.389544655325885,9.253196930946293
1533608792,-122.03064351183365,37.38937931065176,9.253196930946293
1533608794,-122.03065,37.38933,9.253196930946293
1533608796,-122.03067279401866,37.389164743641416,9.253196930946293
1533608798,-122.03068999999999,37.38904,9.253196930946293
1533608800,-122.03071133925869,37.38887462106596,9.253196930946293
1533608802,-122.03073,37.388729999999995,9.253196930946293
1533608804,-122.03075991597905,37.388565462238205,9.253196930946293
1533608806,-122.03076999999999,37.38851,9.253196930946293
1533608808,-122.03081632028153,37.38834787912082,9.253196930946293
1533608810,-122.03083,37.3883,9.253196930946293
1533608812,-122.03088042103798,37.38813865338549,9.253196930946293
1533608814,-122.03093084196742,37.38797730677098,9.253196930946293
1533608816,-122.03098,37.38782000000001,9.253196930946293
1533608818,-122.03102824621277,37.38765823419219,9.253196930946293
1533608820,-122.03107649232142,37.38749646838436,9.253196930946293
1533608822,-122.03112473832596,37.38733470257654,9.253196930946293
1533608824,-122.03115,37.38725,9.253196930946293
1533608826,-122.03120754088259,37.38709016441511,9.253196930946293
1533608828,-122.03124,37.387,9.253196930946293
1533608830,-122.03129470359272,37.386839536748255,9.253196930946293
1533608832,-122.0313494070683,37.38667907349652,9.253196930946293
1533608834,-122.03139000000002,37.386559999999996,9.253196930946293
1533608836,-122.03144209189985,37.38639898907022,9.253196930946293
1533608838,-122.03149418368788,37.386237978140436,9.253196930946293
1533608840,-122.0315,37.38622,9.253196930946293
1533608842,-122.03155209188526,37.386058989115476,9.253196930946293
1533608844,-122.0316041836586,37.385897978230965,9.253196930946293
1533608846,-122.03161,37.38588,9.253196930946293
1533608848,-122.03166356837721,37.38571929531054,9.253196930946293
1533608850,-122.0317171366396,37.38555859062106,9.253196930946293
1533608852,-122.03173,37.38552,9.253196930946293
1533608854,-122.03178356823601,37.385359295334936,9.253196930946293
1533608856,-122.03179000000002,37.38534000000001,9.253196930946293
1533608858,-122.03184282035272,37.38517913914632,9.253196930946293
1533608860,-122.0318956405921,37.38501827829262,9.253196930946293
1533608862,-122.03194846071811,37.38485741743892,9.253196930946293
1533608864,-122.0320012807308,37.38469655658521,9.253196930946293
1533608866,-122.03201,37.38467,9.253196930946293
1533608868,-122.0320660586051,37.38450983264533,9.253196930946293
1533608870,-122.03208,37.38447,9.253196930946293
1533608872,-122.03213573520613,37.38430976143718,9.253196930946293
1533608874,-122.03216,37.38424000000001,9.253196930946293
1533608876,-122.03220917898324,37.38407841206399,9.253196930946293
1533608878,-122.03223,37.384009999999996,9.253196930946293
1533608880,-122.0322835682274,37.383849295560175,9.253196930946293
1533608882,-122.03232,37.38374,9.253196930946293
1533608884,-122.0323709201312,37.383578752981656,9.253196930946293
1533608886,-122.03238,37.38355,9.253196930946293
1533608888,-122.03243424407356,37.383389438827656,9.253196930946293
1533608890,-122.03248848803094,37.38322887765532,9.253196930946293
1533608892,-122.03254273187224,37.38306831648299,9.253196930946293
1533608894,-122.03259697559736,37.382907755310654,9.253196930946293
1533608896,-122.03263,37.382810000000006,9.253196930946293
1533608898,-122.03268356812977,37.382649295720036,9.253196930946293
1533608900,-122.0327,37.3826,9.253196930946293
1533608902,-122.03275356826504,37.382439295780074,9.253196930946293
1533608904,-122.03280713641527,37.38227859156017,9.253196930946293
1533608906,-122.03284,37.38218000000001,9.253196930946293
1533608908,-122.03288376817044,37.382017432725846,9.253196930946293
1533608910,-122.03291000000002,37.38192,9.253196930946293
1533608912,-122.03296356806736,37.38175929584072,9.253196930946293
1533608914,-122.03296999999999,37.38174,9.253196930946293
1533608916,-122.0330333742945,37.38158156468882,9.253196930946293
1533608918,-122.0330967484552,37.381423129377644,9.253196930946293
1533608920,-122.03311,37.38139,9.253196930946293
1533608922,-122.03316829007127,37.38123033693528,9.253196930946293
1533608924,-122.03322658001845,37.381070673870546,9.253196930946293
1533608926,-122.03328486984152,37.380911010805825,9.253196930946293
1533608928,-122.03334,37.380759999999995,9.253196930946293
1533608930,-122.03338794723288,37.38059817892778,9.253196930946293
1533608932,-122.0334358943623,37.380436357855565,9.253196930946293
1533608934,-122.03348384138826,37.38027453678336,9.253196930946293
1533608936,-122.0335,37.38022,9.253196930946293
1533608938,-122.03353861937744,37.38005661118351,9.253196930946293
1533608940,-122.03357723867077,37.379893222367016,9.253196930946293
1533608942,-122.03361585787992,37.37972983355053,9.253196930946293
1533608944,-122.03363000000002,37.37967,9.253196930946293
1533608946,-122.0336628371062,37.379505814770106,9.253196930946293
1533608948,-122.03368999999999,37.37937,9.253196930946293
1533608950,-122.0337294099487,37.37920673049369,9.253196930946293
1533608952,-122.03376000000002,37.37908,9.253196930946293
1533608954,-122.03379130926714,37.3789156264489,9.253196930946293
1533608956,-122.0338,37.378870000000006,9.253196930946293
1533608958,-122.033830458279,37.37870552552745,9.253196930946293
1533608960,-122.03385000000002,37.37860000000001,9.253196930946293
1533608962,-122.03389794699228,37.37843817914114,9.253196930946293
1533608964,-122.03393,37.37833000000001,9.253196930946293
1533608966,-122.03397282260357,37.37816727416681,9.253196930946293
1533608968,-122.03398,37.37814,9.253196930946293
1533608970,-122.03404491022582,37.377981958603264,9.253196930946293
1533608972,-122.03410982031481,37.377823917206534,9.253196930946293
1533608974,-122.03417473026708,37.37766587580978,9.253196930946293
1533608976,-122.03421000000002,37.37758,9.253196930946293
1533608978,-122.03427037576824,37.377420827810376,9.253196930946293
1533608980,-122.03432,37.37729,9.253196930946293
1533608982,-122.03438603387319,37.37713225301835,9.253196930946293
1533608984,-122.0344520676075,37.3769745060367,9.253196930946293
1533608986,-122.0345,37.37686,9.253196930946293
1533608988,-122.03456023975184,37.37670079540928,9.253196930946293
1533608990,-122.0346204793758,37.37654159081855,9.253196930946293
1533608992,-122.03464,37.37649,9.253196930946293
1533608994,-122.03469430320696,37.37632945254021,9.253196930946293
1533608996,-122.03474860629764,37.376168905080426,9.253196930946293
1533608998,-122.03480290927212,37.37600835762064,9.253196930946293
1533609000,-122.03485721213036,37.37584781016084,9.253196930946293
1533609002,-122.03487,37.375809999999994,9.253196930946293
1533609004,-122.03492194808835,37.37564896125645,9.253196930946293
1533609006,-122.03497000000002,37.3755,9.253196930946293
1533609008,-122.03502878112465,37.37534045172219,9.253196930946293
1533609010,-122.03508756212419,37.37518090344437,9.253196930946293
1533609012,-122.03511,37.37512,9.253196930946293
1533609014,-122.03516512746704,37.37495963025038,9.253196930946293
1533609016,-122.03522025481631,37.37479926050077,9.253196930946293
1533609018,-122.03527538204763,37.37463889075117,9.253196930946293
1533609020,-122.03533000000002,37.37448000000001,9.253196930946293
1533609022,-122.03538186558802,37.37431894465148,9.253196930946293
1533609024,-122.0354337310647,37.37415788930296,9.253196930946293
1533609026,-122.03548559643002,37.37399683395441,9.253196930946293
1533609028,-122.03551999999999,37.37389,9.253196930946293
1533609030,-122.03557677637748,37.373729994178014,9.253196930946293
1533609032,-122.03563,37.37358,9.253196930946293
1533609034,-122.03567887011722,37.37341835423755,9.253196930946293
1533609036,-122.03572774012913,37.373256708475104,9.253196930946293
1533609038,-122.03577661003573,37.37309506271264,9.253196930946293
1533609040,-122.03582547983706,37.372933416950175,9.253196930946293
1533609042,-122.035874349533,37.37277177118774,9.253196930946293
1533609044,-122.03589,37.37272,9.253196930946293
1533609046,-122.03594042032499,37.37255865531176,9.253196930946293
1533609048,-122.03599,37.372400000000006,9.253196930946293
1533609050,-122.03603563080857,37.37223775747489,9.253196930946293
1533609052,-122.03608,37.37208,9.253196930946293
1533609054,-122.0361285141437,37.37191828671604,9.253196930946293
1533609056,-122.03617702818279,37.37175657343208,9.253196930946293
1533609058,-122.0362,37.37168000000001,9.253196930946293
1533609060,-122.03625573519078,37.371519763521455,9.253196930946293
1533609062,-122.03631147026249,37.3713595270429,9.253196930946293
1533609064,-122.03636720521513,37.37119929056434,9.253196930946293
1533609066,-122.03642294004874,37.37103905408578,9.253196930946293
1533609068,-122.03647867476332,37.37087881760723,9.253196930946293
1533609070,-122.03653440935886,37.37071858112868,9.253196930946293
1533609072,-122.03659014383531,37.370558344650135,9.253196930946293
1533609074,-122.0366,37.37053,9.253196930946293
1533609076,-122.0366535676376,37.37036929746258,9.253196930946293
1533609078,-122.03670713516044,37.37020859492518,9.253196930946293
1533609080,-122.03671,37.3702,9.253196930946293
1533609082,-122.03676274592243,37.3700391259324,9.253196930946293
1533609084,-122.03681549173176,37.3698782518648,9.253196930946293
1533609086,-122.036868237428,37.3697173777972,9.253196930946293
1533609088,-122.03691,37.36959,9.253196930946293
1533609090,-122.03696478555423,37.36942955714455,9.253196930946293
1533609092,-122.0370195709913,37.3692691142891,9.253196930946293
1533609094,-122.03705,37.36918,2.9655172413793105
1533609096,-122.03706830529164,37.36912874524656,2.9655172413793105
1533609098,-122.03708661057077,37.36907749049311,2.9655172413793105
1533609100,-122.0371,37.36904000000001,2.9655172413793105
1533609102,-122.03703519536356,37.369026356957605,2.9655172413793105
1533609104,-122.03697039073893,37.369012713915204,2.9655172413793105
1533609106,-122.03691,37.369,2.9655172413793105
1533609108,-122.0368443874883,37.36898906463379,2.9655172413793105
1533609110,-122.03677877498615,37.3689781292676,2.9655172413793105
1533609112,-122.03671316249357,37.36896719390139,2.9655172413793105
1533609114,-122.03667000000002,37.368959999999994,2.9655172413793105
1533609116,-122.03660455424574,37.368948450832356,2.9655172413793105
1533609118,-122.03653910850151,37.368936901664696,2.9655172413793105
1533609120,-122.03647366276738,37.36892535249704,2.9655172413793105
1533609122,-122.03640821704334,37.36891380332939,2.9655172413793105
1533609124,-122.03634277132936,37.368902254161746,2.9655172413793105
1533609126,-122.03627732562546,37.368890704994094,2.9655172413793105
