time,longitude,latitude,speed
1533381577,-122.03633,37.3689,7.27027027027027
1533381579,-122.03616950138051,37.36887187197607,7.27027027027027
1533381581,-122.03600900282116,37.368843743952134,7.27027027027027
1533381583,-122.03584850432202,37.36881561592821,7.27027027027027
1533381585,-122.03568800588306,37.36878748790427,7.27027027027027
1533381587,-122.03552750750424,37.36875935988034,7.27027027027027
1533381589,-122.03536700918562,37.36873123185641,7.27027027027027
1533381591,-122.03536,37.368730000000006,7.27027027027027
1533381593,-122.0352008976455,37.36869724377032,7.27027027027027
1533381595,-122.03504179536048,37.36866448754064,7.27027027027027
1533381597,-122.03501999999999,37.36866000000001,7.27027027027027
1533381599,-122.0348614696714,37.36862553693992,7.27027027027027
1533381601,-122.03479000000002,37.36861,7.27027027027027
1533381603,-122.03463198032124,37.36857408648461,7.27027027027027
1533381605,-122.03457000000002,37.368559999999995,7.27027027027027
1533381607,-122.03441443111677,37.3685178670226,7.27027027027027
1533381609,-122.03425886232094,37.368475734045184,7.27027027027027
1533381611,-122.03410329361242,37.36843360106778,7.27027027027027
1533381613,-122.03408999999999,37.36843,7.27027027027027
1533381615,-122.03393911963457,37.368378205700424,7.27027027027027
1533381617,-122.03378823937328,37.36832641140083,7.27027027027027
1533381619,-122.0336373592162,37.36827461710126,7.27027027027027
1533381621,-122.03348647916323,37.368222822801656,7.27027027027027
1533381623,-122.03341999999999,37.3682,3.287128712871287
1533381625,-122.03334587143443,37.36819588177972,3.287128712871287
1533381627,-122.03327174287291,37.36819176355944,3.287128712871287
1533381629,-122.03323999999999,37.36819000000001,3.287128712871287
1533381631,-122.03316569055369,37.36819000000492,3.287128712871287
1533381633,-122.03315,37.36819000000001,3.287128712871287
1533381635,-122.03309158884069,37.36822650698641,3.287128712871287
1533381637,-122.03307,37.36824,3.287128712871287
1533381639,-122.0330194758822,37.36828330640048,3.287128712871287
1533381641,-122.03300000000002,37.36830000000001,3.287128712871287
1533381643,-122.03297547122372,37.36835574737201,3.287128712871287
1533381645,-122.03295094242924,37.368411494744,3.287128712871287
1533381647,-122.03292641361642,37.368467242116,3.287128712871287
1533381649,-122.03290188478547,37.368522989488014,3.287128712871287
1533381651,-122.03289,37.368550000000006,3.287128712871287
1533381653,-122.03287073077094,37.368607037456115,3.287128712871287
1533381655,-122.03285146152712,37.368664074912246,3.287128712871287
1533381657,-122.0328321922687,37.36872111236836,3.287128712871287
1533381659,-122.03281292299562,37.368778149824465,3.287128712871287
1533381661,-122.03279365370793,37.36883518728058,3.287128712871287
1533381663,-122.03277438440556,37.36889222473668,3.287128712871287
1533381665,-122.03275511508856,37.3689492621928,3.287128712871287
1533381667,-122.03273584575686,37.3690062996489,3.287128712871287
1533381669,-122.03271657641056,37.36906333710503,3.287128712871287
1533381671,-122.0326973070496,37.369120374561135,3.287128712871287
1533381673,-122.03267803767405,37.36917741201725,3.287128712871287
1533381675,-122.03265876828381,37.369234449473375,3.287128712871287
1533381677,-122.03264,37.36929000000001,3.287128712871287
1533381679,-122.03262035955707,37.36934695746796,3.287128712871287
1533381681,-122.03260071909928,37.36940391493591,3.287128712871287
1533381683,-122.03258107862656,37.36946087240385,3.287128712871287
1533381685,-122.03256143813894,37.369517829871796,3.287128712871287
1533381687,-122.03254179763643,37.36957478733975,3.287128712871287
1533381689,-122.03254,37.369580000000006,3.287128712871287
1533381691,-122.03252154602042,37.36963720753583,3.287128712871287
1533381693,-122.0325030920268,37.36969441507164,3.287128712871287
1533381695,-122.03248463801908,37.36975162260747,3.287128712871287
1533381697,-122.03246618399727,37.36980883014329,3.287128712871287
1533381699,-122.03244772996142,37.3698660376791,3.287128712871287
1533381701,-122.03244,37.36989000000001,3.287128712871287
1533381703,-122.03242077769228,37.369947047528406,3.287128712871287
1533381705,-122.03240155536993,37.37000409505682,3.287128712871287
1533381707,-122.03238233303301,37.37006114258522,3.287128712871287
1533381709,-122.03236311068144,37.37011819011365,3.287128712871287
1533381711,-122.03234388831528,37.370175237642066,3.287128712871287
1533381713,-122.03232466593448,37.37023228517048,3.287128712871287
1533381715,-122.03230544353909,37.37028933269888,3.287128712871287
1533381717,-122.03228622112907,37.370346380227296,3.287128712871287
1533381719,-122.03226699870449,37.37040342775571,3.287128712871287
1533381721,-122.03224777626521,37.37046047528413,3.287128712871287
1533381723,-122.03222855381136,37.37051752281254,3.287128712871287
1533381725,-122.03220933134287,37.37057457034096,3.287128712871287
1533381727,-122.03219010885977,37.37063161786936,3.287128712871287
1533381729,-122.032170886362,37.37068866539777,3.287128712871287
1533381731,-122.03215166384962,37.37074571292618,3.287128712871287
1533381733,-122.03213244132269,37.370802760454595,3.287128712871287
1533381735,-122.03213,37.37081000000001,5.315068493150685
1533381737,-122.0320978002269,37.37090199948939,5.315068493150685
1533381739,-122.03206560041427,37.370993998978776,5.315068493150685
1533381741,-122.03206000000002,37.37101000000001,5.315068493150685
1533381743,-122.0321673295992,37.37096706822342,5.315068493150685
1533381745,-122.03226,37.37093,5.315068493150685
1533381747,-122.03237759955192,37.37091040007598,5.315068493150685
1533381749,-122.03238,37.370909999999995,5.315068493150685
1533381751,-122.03249702266287,37.370931671241934,5.315068493150685
1533381753,-122.03261404535955,37.370953342483865,5.315068493150685
1533381755,-122.03273106809002,37.37097501372582,5.315068493150685
1533381757,-122.03284809085432,37.370996684967736,5.315068493150685
1533381759,-122.03296511365238,37.37101835620968,5.315068493150685
1533381761,-122.03308213648428,37.37104002745161,5.315068493150685
1533381763,-122.03318999999999,37.37106,5.315068493150685
1533381765,-122.03330598999004,37.371084932961715,5.315068493150685
1533381767,-122.0334219800186,37.37110986592343,5.315068493150685
1533381769,-122.03353797008566,37.37113479888513,5.315068493150685
1533381771,-122.03365396019127,37.371159731846866,5.315068493150685
1533381773,-122.03376995033544,37.37118466480858,5.315068493150685
1533381775,-122.0338859405182,37.371209597770296,5.315068493150685
1533381777,-122.03400193073946,37.371234530732025,5.315068493150685
1533381779,-122.03411792099928,37.37125946369374,5.315068493150685
1533381781,-122.03423391129769,37.371284396655454,5.315068493150685
1533381783,-122.03426,37.37129,5.315068493150685
1533381785,-122.03437613434288,37.37131450595504,5.315068493150685
1533381787,-122.03449226872374,37.371339011910074,5.315068493150685
1533381789,-122.03460840314257,37.3713635178651,5.315068493150685
1533381791,-122.03472453759927,37.37138802382013,5.315068493150685
1533381793,-122.034840672094,37.37141252977516,5.315068493150685
1533381795,-122.03495680662658,37.37143703573019,5.315068493150685
1533381797,-122.03507294119714,37.37146154168523,5.315068493150685
1533381799,-122.03518907580565,37.37148604764025,5.315068493150685
1533381801,-122.03530521045208,37.37151055359529,5.315068493150685
1533381803,-122.03535,37.37152,5.315068493150685
1533381805,-122.03546785517693,37.37153860875076,5.315068493150685
1533381807,-122.03554,37.371550000000006,5.315068493150685
1533381809,-122.03565652540964,37.37157330529386,5.315068493150685
1533381811,-122.03577305085548,37.37159661058772,5.315068493150685
1533381813,-122.03588957633751,37.37161991588156,5.315068493150685
1533381815,-122.03600610185572,37.37164322117541,5.315068493150685
1533381817,-122.03604,37.37165,8.836565096952908
1533381819,-122.03598422668743,37.371802447599904,8.836565096952908
1533381821,-122.03592845326149,37.37195489519981,8.836565096952908
1533381823,-122.03589,37.37206000000001,8.836565096952908
1533381825,-122.03584453130695,37.3722145935889,8.836565096952908
1533381827,-122.03584,37.37223,8.836565096952908
1533381829,-122.03577948024872,37.372381300011114,8.836565096952908
1533381831,-122.0357189603753,37.37253260002222,8.836565096952908
1533381833,-122.03566,37.372679999999995,8.836565096952908
1533381835,-122.03560294456759,37.37283214783653,8.836565096952908
1533381837,-122.03560000000002,37.37284,8.836565096952908
1533381839,-122.03555124625571,37.37299396013706,8.836565096952908
1533381841,-122.03550249241128,37.373147920274135,8.836565096952908
1533381843,-122.0354537384668,37.373301880411184,8.836565096952908
1533381845,-122.03541,37.37344,8.836565096952908
1533381847,-122.03536333088373,37.37359436766054,8.836565096952908
1533381849,-122.03531666167142,37.373748735321065,8.836565096952908
1533381851,-122.03528,37.37387,8.836565096952908
1533381853,-122.03523768425516,37.37402515810132,8.836565096952908
1533381855,-122.0351953684227,37.37418031620264,8.836565096952908
1533381857,-122.03519,37.3742,8.836565096952908
1533381859,-122.03513884424177,37.374353467330906,8.836565096952908
1533381861,-122.03513,37.37438,8.836565096952908
1533381863,-122.03508137297848,37.37453398564442,8.836565096952908
1533381865,-122.03506999999999,37.37457000000001,8.836565096952908
1533381867,-122.03502167233864,37.37472404517443,8.836565096952908
1533381869,-122.03497334457802,37.37487809034886,8.836565096952908
1533381871,-122.03492501671808,37.375032135523284,8.836565096952908
1533381873,-122.03491,37.37508,8.836565096952908
1533381875,-122.0348594743611,37.37523359922643,8.836565096952908
1533381877,-122.03480894861877,37.375387198452884,8.836565096952908
1533381879,-122.03475842277294,37.37554079767933,8.836565096952908
1533381881,-122.03470789682363,37.37569439690577,8.836565096952908
1533381883,-122.03466000000002,37.37584,8.836565096952908
1533381885,-122.03461076373623,37.375993863527945,8.836565096952908
1533381887,-122.03458,37.37609000000001,8.836565096952908
1533381889,-122.03452604887724,37.376242861910896,8.836565096952908
1533381891,-122.03447209764454,37.37639572382179,8.836565096952908
1533381893,-122.03446,37.376430000000006,8.836565096952908
1533381895,-122.03440884428056,37.37658346765922,8.836565096952908
1533381897,-122.03435768845644,37.37673693531843,8.836565096952908
1533381899,-122.03433,37.37682,8.836565096952908
1533381901,-122.03426178558071,37.376969219468045,8.836565096952908
1533381903,-122.0341935710257,37.37711843893611,8.836565096952908
1533381905,-122.03416999999999,37.37717,8.836565096952908
1533381907,-122.034093484265,37.377316655335704,8.836565096952908
1533381909,-122.03405,37.3774,8.836565096952908
1533381911,-122.03400184980849,37.37755408062536,8.836565096952908
1533381913,-122.03399999999999,37.377559999999995,8.836565096952908
1533381915,-122.03394758955505,37.37771320024268,8.836565096952908
1533381917,-122.03389517900295,37.37786640048536,8.836565096952908
1533381919,-122.03387,37.37794,8.836565096952908
1533381921,-122.03382254852664,37.37809421751252,8.836565096952908
1533381923,-122.03379,37.3782,8.836565096952908
1533381925,-122.03375599072571,37.378356443304526,8.836565096952908
1533381927,-122.03372198138044,37.37851288660904,8.836565096952908
1533381929,-122.03368999999999,37.378659999999996,8.836565096952908
1533381931,-122.03366029810276,37.378816996193606,8.836565096952908
1533381933,-122.03363059614328,37.378973992387216,8.836565096952908
1533381935,-122.03362,37.37903,8.836565096952908
1533381937,-122.03358758819401,37.379186657344796,8.836565096952908
1533381939,-122.03356,37.37932,8.836565096952908
1533381941,-122.03352357676698,37.379476099874786,8.836565096952908
1533381943,-122.03349,37.37962,8.836565096952908
1533381945,-122.03344508801605,37.379774697162595,8.836565096952908
1533381947,-122.0334001759394,37.37992939432515,8.836565096952908
1533381949,-122.0334,37.37993,8.836565096952908
1533381951,-122.03335576570578,37.38008482044318,8.836565096952908
1533381953,-122.03331153132022,37.38023964088636,8.836565096952908
1533381955,-122.0333,37.380280000000006,8.836565096952908
1533381957,-122.03324814234907,37.380433319388096,8.836565096952908
1533381959,-122.03319628459208,37.38058663877619,8.836565096952908
1533381961,-122.03314442672905,37.380739958164256,8.836565096952908
1533381963,-122.03309256876005,37.380893277552346,8.836565096952908
1533381965,-122.03307,37.380959999999995,8.836565096952908
1533381967,-122.03301844324268,37.381113383548985,8.836565096952908
1533381969,-122.03296688637987,37.38126676709797,8.836565096952908
1533381971,-122.03291532941161,37.38142015064695,8.836565096952908
1533381973,-122.03286377233792,37.38157353419594,8.836565096952908
1533381975,-122.03281221515873,37.38172691774493,8.836565096952908
1533381977,-122.03276065787412,37.38188030129392,8.836565096952908
1533381979,-122.03270910048407,37.382033684842895,8.836565096952908
1533381981,-122.03267,37.38215,8.836565096952908
1533381983,-122.03261234258957,37.38230200619267,8.836565096952908
1533381985,-122.03256,37.38244,8.836565096952908
1533381987,-122.0325073547603,37.38259315014174,8.836565096952908
1533381989,-122.03245470941307,37.38274630028347,8.836565096952908
1533381991,-122.03245,37.38276000000001,8.836565096952908
1533381993,-122.03239924995769,37.38291355358447,8.836565096952908
1533381995,-122.0323484998114,37.383067107168934,8.836565096952908
1533381997,-122.0322977495613,37.383220660753395,8.836565096952908
1533381999,-122.03224699920722,37.383374214337856,8.836565096952908
1533382001,-122.0321962487492,37.38352776792233,8.836565096952908
1533382003,-122.03214549818728,37.38368132150679,8.836565096952908
1533382005,-122.0320947475214,37.38383487509126,8.836565096952908
1533382007,-122.03206000000002,37.38394,8.836565096952908
1533382009,-122.03201076341328,37.38409386453722,8.836565096952908
1533382011,-122.03198,37.38419,8.836565096952908
1533382013,-122.03192884383465,37.38434346867951,8.836565096952908
1533382015,-122.0319,37.38443,8.836565096952908
1533382017,-122.03184788983141,37.384583265936435,8.836565096952908
1533382019,-122.0317957795562,37.38473653187289,8.836565096952908
1533382021,-122.03174366917456,37.384889797809336,8.836565096952908
1533382023,-122.03173,37.38493,8.836565096952908
1533382025,-122.03168137269286,37.3850839869515,8.836565096952908
1533382027,-122.03163274528583,37.385237973902996,8.836565096952908
1533382029,-122.03161,37.38531,8.836565096952908
1533382031,-122.03155728181723,37.385463134737,8.836565096952908
1533382033,-122.03150456352682,37.38561626947399,8.836565096952908
1533382035,-122.03145184512869,37.385769404210976,8.836565096952908
1533382037,-122.0314,37.38592000000001,8.836565096952908
1533382039,-122.03135076333432,37.38607386478395,8.836565096952908
1533382041,-122.03132,37.38617,8.836565096952908
1533382043,-122.03126677431852,37.386323023997456,8.836565096952908
1533382045,-122.03124,37.3864,8.836565096952908
1533382047,-122.03118884440892,37.38655346911767,8.836565096952908
1533382049,-122.03113768871314,37.386706938235335,8.836565096952908
1533382051,-122.03108653291271,37.386860407353,8.836565096952908
1533382053,-122.03103537700748,37.387013876470654,8.836565096952908
1533382055,-122.03098422099754,37.387167345588324,8.836565096952908
1533382057,-122.0309330648829,37.387320814705966,8.836565096952908
1533382059,-122.03088190866356,37.387474283823636,8.836565096952908
1533382061,-122.03083075233944,37.38762775294129,8.836565096952908
1533382063,-122.03081999999999,37.38766,8.836565096952908
1533382065,-122.03077366988829,37.38781443380231,8.836565096952908
1533382067,-122.03076,37.387859999999996,8.836565096952908
1533382069,-122.03071366988165,37.388014433824466,8.836565096952908
1533382071,-122.0307,37.388059999999996,8.836565096952908
1533382073,-122.030653669875,37.3882144338466,8.836565096952908
1533382075,-122.03063999999999,37.388259999999995,8.836565096952908
1533382077,-122.03059968636774,37.38841549568125,8.836565096952908
1533382079,-122.03057,37.388529999999996,8.836565096952908
1533382081,-122.03054010040822,37.38868697296921,8.836565096952908
1533382083,-122.03053,37.38874000000001,8.836565096952908
1533382085,-122.0304910704516,37.388895718202654,8.836565096952908
1533382087,-122.03049,37.3889,8.836565096952908
1533382089,-122.03047025210206,37.389057983188074,8.836565096952908
1533382091,-122.03047,37.38906,8.836565096952908
1533382093,-122.03044847682614,37.3892178367404,8.836565096952908
1533382095,-122.03044,37.38928000000001,8.836565096952908
1533382097,-122.0304219303383,37.38943810994639,8.836565096952908
1533382099,-122.0304038606385,37.38959621989278,8.836565096952908
1533382101,-122.0304,37.38963,8.836565096952908
1533382103,-122.03037376896236,37.38978738652804,8.836565096952908
1533382105,-122.03035,37.38993,8.836565096952908
1533382107,-122.03033334652359,37.39008820809301,8.836565096952908
1533382109,-122.03033,37.39012,8.836565096952908
1533382111,-122.03030010039402,37.390276973043754,8.836565096952908
1533382113,-122.03029,37.39033000000001,8.836565096952908
1533382115,-122.03025616907757,37.390486468468495,8.836565096952908
1533382117,-122.03022233808451,37.39064293693698,8.836565096952908
1533382119,-122.03021,37.3907,8.836565096952908
1533382121,-122.0301694461806,37.39085545646561,8.836565096952908
1533382123,-122.03015,37.39093,8.836565096952908
1533382125,-122.03010137234276,37.391083987657545,8.836565096952908
1533382127,-122.03009000000002,37.39112,8.836565096952908
1533382129,-122.03004137233545,37.39127398768064,8.836565096952908
1533382131,-122.03003,37.39131,8.836565096952908
1533382133,-122.0299757792977,37.39146280413056,8.836565096952908
1533382135,-122.02992155848484,37.391615608261105,8.836565096952908
1533382137,-122.02991999999999,37.39162,8.836565096952908
1533382139,-122.02986720076441,37.39177311807335,8.836565096952908
1533382141,-122.02982000000002,37.391909999999996,8.836565096952908
1533382143,-122.02977137242478,37.392063987800604,8.836565096952908
1533382145,-122.02972274474962,37.392217975601184,8.836565096952908
1533382147,-122.0297,37.39229,8.836565096952908
1533382149,-122.02964988503713,37.39244368653522,8.836565096952908
1533382151,-122.02959976997153,37.39259737307045,8.836565096952908
1533382153,-122.02955,37.39275000000001,8.836565096952908
1533382155,-122.02950216229715,37.39290414399701,8.836565096952908
1533382157,-122.02946,37.393040000000006,8.836565096952908
1533382159,-122.02940604787015,37.39319286440415,8.836565096952908
1533382161,-122.0294,37.393209999999996,8.836565096952908
1533382163,-122.02934411131605,37.39336242463221,8.836565096952908
1533382165,-122.02928822251845,37.393514849264406,8.836565096952908
1533382167,-122.02923233360724,37.39366727389662,8.836565096952908
1533382169,-122.02918,37.393809999999995,8.836565096952908
1533382171,-122.02913113057065,37.39396393971133,8.836565096952908
1533382173,-122.02908226104091,37.39411787942268,8.836565096952908
1533382175,-122.02903339141085,37.394271819134005,8.836565096952908
1533382177,-122.02898452168041,37.39442575884535,8.836565096952908
1533382179,-122.02898,37.39444,8.836565096952908
1533382181,-122.02892604779673,37.394592864612285,8.836565096952908
1533382183,-122.02892,37.39461,8.836565096952908
1533382185,-122.02887576520071,37.394764821914336,8.836565096952908
1533382187,-122.02886,37.39482,8.836565096952908
1533382189,-122.028808843379,37.39497347010996,8.836565096952908
1533382191,-122.02877,37.39509,8.836565096952908
1533382193,-122.02871646499152,37.39524295726674,8.836565096952908
1533382195,-122.0287,37.39529,8.836565096952908
1533382197,-122.02865453057746,37.39544459606921,8.836565096952908
1533382199,-122.02865,37.39546,8.836565096952908
1533382201,-122.02860721946308,37.39561507973228,8.836565096952908
1533382203,-122.02857000000002,37.39575,8.836565096952908
1533382205,-122.02852343802056,37.39590439072928,8.836565096952908
1533382207,-122.02847687594515,37.396058781458564,8.836565096952908
1533382209,-122.02843031377388,37.39621317218784,8.836565096952908
1533382211,-122.02838375150664,37.396367562917106,8.836565096952908
1533382213,-122.02838,37.39638,8.836565096952908
1533382215,-122.02833693604099,37.396535030305415,8.836565096952908
1533382217,-122.02833,37.39656,8.836565096952908
1533382219,-122.02829164723562,37.39671580915226,8.836565096952908
1533382221,-122.02825329439156,37.3968716183045,8.836565096952908
1533382223,-122.02821494146771,37.397027427456756,8.836565096952908
1533382225,-122.02817658846412,37.397183236609,8.836565096952908
1533382227,-122.02816999999999,37.39721,8.836565096952908
1533382229,-122.02812938812383,37.397365447479686,8.836565096952908
1533382231,-122.02808877616344,37.39752089495936,8.836565096952908
1533382233,-122.02804816411872,37.39767634243904,8.836565096952908
1533382235,-122.02800755198984,37.39783178991871,8.836565096952908
1533382237,-122.02796693977665,37.397987237398404,8.836565096952908
1533382239,-122.02792632747929,37.39814268487807,8.836565096952908
1533382241,-122.0278857150977,37.39829813235775,8.836565096952908
1533382243,-122.02788,37.39832000000001,8.836565096952908
1533382245,-122.02782884316306,37.39847347056713,8.836565096952908
1533382247,-122.02781999999999,37.39850000000001,8.836565096952908
1533382249,-122.02778257177454,37.398655951138856,8.836565096952908
1533382251,-122.02776,37.39875,8.836565096952908
1533382253,-122.02772107031548,37.39890571900153,8.836565096952908
1533382255,-122.02768999999999,37.399029999999996,8.836565096952908
1533382257,-122.02764398077393,37.39918449378479,8.836565096952908
1533382259,-122.02759796145295,37.39933898756957,8.836565096952908
1533382261,-122.02755194203712,37.399493481354334,8.836565096952908
1533382263,-122.02755,37.3995,11.35
1533382265,-122.02737385804396,37.399648330101634,11.35
1533382267,-122.02736000000002,37.39966,11.35
1533382269,-122.02712619810312,37.39974416870538,11.35
1533382271,-122.02711,37.39975,11.35
1533382273,-122.02685878097842,37.39970813021921,11.35
1533382275,-122.02681,37.3997,11.35
1533382277,-122.02663385794487,37.399551669881674,11.35
1533382279,-122.02662,37.39954,11.35
1533382281,-122.0265815957405,37.399338377660186,11.35
1533382283,-122.02658,37.399330000000006,11.35
1533382285,-122.02669511306793,37.39914773766364,11.35
1533382287,-122.0267,37.39914,11.35
1533382289,-122.02692194769396,37.39903756266239,11.35
1533382291,-122.02696000000002,37.39902,11.35
1533382293,-122.0272166857377,37.39902000004681,11.35
1533382295,-122.02726,37.39902,11.35
1533382297,-122.02751421131802,37.398991754315546,11.35
1533382299,-122.02753,37.39899000000001,28.636608344549128
1533382301,-122.02815431083307,37.39912682102902,28.636608344549128
1533382303,-122.02877862280592,37.39926364205803,28.636608344549128
1533382305,-122.0294029359186,37.39940046308704,28.636608344549128
1533382307,-122.03002725017107,37.399537284116036,28.636608344549128
1533382309,-122.03065156556342,37.399674105145024,28.636608344549128
1533382311,-122.03127588209554,37.399810926174005,28.636608344549128
1533382313,-122.03190019976749,37.39994774720298,28.636608344549128
1533382315,-122.03252451857936,37.400084568231954,28.636608344549128
1533382317,-122.03314883853108,37.400221389260906,28.636608344549128
1533382319,-122.03328,37.40025,28.636608344549128
1533382321,-122.03390519723894,37.40038427315735,28.636608344549128
1533382323,-122.03453039559805,37.400518546314686,28.636608344549128
1533382325,-122.03477,37.40057,28.636608344549128
1533382327,-122.03539384388534,37.400708196168,28.636608344549128
1533382329,-122.03601768892116,37.40084639233598,28.636608344549128
1533382331,-122.03635,37.400920000000006,28.636608344549128
1533382333,-122.03697485888529,37.401055279770716,28.636608344549128
1533382335,-122.03732,37.40113,28.636608344549128
1533382337,-122.03794370599877,37.40126860162553,28.636608344549128
1533382339,-122.03804,37.40129,28.636608344549128
1533382341,-122.03866370732314,37.40142860164647,28.636608344549128
1533382343,-122.03867,37.40143000000001,28.636608344549128
1533382345,-122.03929549025328,37.40156343829593,28.636608344549128
1533382347,-122.03941999999999,37.40159000000001,28.636608344549128
1533382349,-122.04004616877899,37.401721418691174,28.636608344549128
1533382351,-122.04023,37.401759999999996,28.636608344549128
1533382353,-122.04085309555995,37.40190033832069,28.636608344549128
1533382355,-122.04133999999999,37.40201,28.636608344549128
1533382357,-122.04196449287399,37.40214636846065,28.636608344549128
1533382359,-122.04258898688444,37.40228273692129,28.636608344549128
1533382361,-122.04321348203139,37.40241910538191,28.636608344549128
1533382363,-122.04383797831484,37.40255547384253,28.636608344549128
1533382365,-122.0444624757348,37.402691842303135,28.636608344549128
1533382367,-122.0445,37.4027,28.636608344549128
1533382369,-122.04512433486276,37.402836840837935,28.636608344549128
1533382371,-122.04523,37.40286,28.636608344549128
1533382373,-122.04585492902625,37.40299512237293,28.636608344549128
1533382375,-122.0464798591794,37.40313024474585,28.636608344549128
1533382377,-122.04671,37.403180000000006,28.636608344549128
1533382379,-122.0473324141422,37.403322266326654,28.636608344549128
1533382381,-122.04741,37.40334,28.636608344549128
1533382383,-122.04803434907473,37.40347681527005,28.636608344549128
1533382385,-122.04865869928949,37.40361363054009,28.636608344549128
1533382387,-122.04928305064422,37.40375044581014,28.636608344549128
1533382389,-122.049907403139,37.40388726108017,28.636608344549128
1533382391,-122.04992,37.40389,28.636608344549128
1533382393,-122.050542483993,37.40403208964617,28.636608344549128
1533382395,-122.05084,37.4041,28.636608344549128
1533382397,-122.05145969749208,37.40424958292703,28.636608344549128
1533382399,-122.05171,37.404309999999995,28.636608344549128
1533382401,-122.05232362357869,37.404474631371116,28.636608344549128
1533382403,-122.05253,37.40453,28.636608344549128
1533382405,-122.05314072507872,37.404701301609094,28.636608344549128
1533382407,-122.05335,37.404759999999996,28.636608344549128
1533382409,-122.05396112194671,37.40493041038004,28.636608344549128
1533382411,-122.05439,37.40505,28.636608344549128
1533382413,-122.05500462819721,37.40521226385175,28.636608344549128
1533382415,-122.05561925772548,37.40537452770349,28.636608344549128
1533382417,-122.05564,37.40538,28.636608344549128
1533382419,-122.05625861450001,37.40553241248984,28.636608344549128
1533382421,-122.05633000000002,37.40555000000001,28.636608344549128
1533382423,-122.05695258266434,37.40569185478907,28.636608344549128
1533382425,-122.05712,37.40573000000001,28.636608344549128
1533382427,-122.05774533491837,37.4058640026764,28.636608344549128
1533382429,-122.05837067095513,37.405998005352785,28.636608344549128
1533382431,-122.05852000000002,37.40603,28.636608344549128
1533382433,-122.0591446070465,37.40616613513567,28.636608344549128
1533382435,-122.0597692152279,37.40630227027135,28.636608344549128
1533382437,-122.06008,37.40637,28.636608344549128
1533382439,-122.060704900257,37.4065052916592,28.636608344549128
1533382441,-122.0613298016425,37.4066405833184,28.636608344549128
1533382443,-122.06195470415639,37.40677587497757,28.636608344549128
1533382445,-122.06201999999999,37.40679,28.636608344549128
1533382447,-122.06264174820484,37.40693417370593,28.636608344549128
1533382449,-122.06271,37.40695,28.636608344549128
1533382451,-122.06333445406784,37.40708659937442,28.636608344549128
1533382453,-122.06335,37.40709,28.636608344549128
1533382455,-122.06397503944224,37.40722490290972,28.636608344549128
1533382457,-122.06460008001001,37.40735980581943,28.636608344549128
1533382459,-122.06474,37.40739000000001,28.636608344549128
1533382461,-122.06536345566496,37.40752945760354,28.636608344549128
1533382463,-122.0655,37.40756,28.636608344549128
1533382465,-122.06612689770564,37.40768935985332,28.636608344549128
1533382467,-122.06613000000002,37.40769,28.636608344549128
1533382469,-122.06675217441115,37.40783302935832,28.636608344549128
1533382471,-122.067,37.40789,28.636608344549128
1533382473,-122.06761783056452,37.40804445820896,28.636608344549128
1533382475,-122.0678,37.40809,28.636608344549128
1533382477,-122.06840452563245,37.408274716546416,28.636608344549128
1533382479,-122.06851999999999,37.40831,28.636608344549128
1533382481,-122.06911272372213,37.40851745332796,28.636608344549128
1533382483,-122.06912,37.40852,28.636608344549128
1533382485,-122.06969936266087,37.40875004142474,28.636608344549128
1533382487,-122.0698,37.40879,28.636608344549128
1533382489,-122.07037850506538,37.40902140247225,28.636608344549128
1533382491,-122.0705,37.40907,28.636608344549128
1533382493,-122.07107936606394,37.40930004277595,28.636608344549128
1533382495,-122.07118,37.40934,28.636608344549128
1533382497,-122.0717555461872,37.409576018369116,28.636608344549128
1533382499,-122.07233109418765,37.40981203673821,28.636608344549128
1533382501,-122.07257,37.409909999999996,28.636608344549128
1533382503,-122.0731468506644,37.41014400724409,28.636608344549128
1533382505,-122.07363,37.41034000000001,28.636608344549128
1533382507,-122.07420952200113,37.410569810450454,28.636608344549128
1533382509,-122.07421,37.41057,28.636608344549128
1533382511,-122.07479028275058,37.410798598931926,28.636608344549128
1533382513,-122.07537056727205,37.41102719786386,28.636608344549128
1533382515,-122.07553,37.41109,28.636608344549128
1533382517,-122.07611259556506,37.41131486345948,28.636608344549128
1533382519,-122.07667,37.411530000000006,28.636608344549128
1533382521,-122.0772516308836,37.411756439092066,28.636608344549128
1533382523,-122.07783326352545,37.41198287818413,28.636608344549128
1533382525,-122.07798,37.41204000000001,28.636608344549128
1533382527,-122.07856196776835,37.41226589878069,28.636608344549128
1533382529,-122.07914393729178,37.41249179756138,28.636608344549128
1533382531,-122.0795,37.41263,28.636608344549128
1533382533,-122.0800758567733,37.412865578899755,28.636608344549128
1533382535,-122.08038,37.41299,28.636608344549128
1533382537,-122.08094785848994,37.41323752887261,28.636608344549128
1533382539,-122.08116,37.41333,28.636608344549128
1533382541,-122.08170818217815,37.413604091303505,28.636608344549128
1533382543,-122.08176000000002,37.41363000000001,28.636608344549128
1533382545,-122.08229741018259,37.41391723666057,28.636608344549128
1533382547,-122.08234000000002,37.41394,28.636608344549128
1533382549,-122.08286255932137,37.41424403463943,28.636608344549128
1533382551,-122.08288999999999,37.41426000000001,28.636608344549128
1533382553,-122.08339392511806,37.41458327284477,28.636608344549128
1533382555,-122.08341999999999,37.4146,28.636608344549128
1533382557,-122.08390886310178,37.41493755014771,28.636608344549128
1533382559,-122.08426,37.41518000000001,28.636608344549128
1533382561,-122.08474207302443,37.41552365881598,28.636608344549128
1533382563,-122.08522414826076,37.415867317631935,28.636608344549128
1533382565,-122.08527,37.4159,28.636608344549128
1533382567,-122.08575418940205,37.416241780890175,28.636608344549128
1533382569,-122.08578,37.41626,28.636608344549128
1533382571,-122.0862567018357,37.416608359267826,28.636608344549128
1533382573,-122.0863,37.41664,28.636608344549128
1533382575,-122.08678044041187,37.416985106308886,28.636608344549128
1533382577,-122.08701,37.41715000000001,28.636608344549128
1533382579,-122.0874876182326,37.41749757146774,28.636608344549128
1533382581,-122.08796523868187,37.41784514293547,28.636608344549128
1533382583,-122.08844286134773,37.41819271440317,28.636608344549128
1533382585,-122.08892048623034,37.41854028587087,28.636608344549128
1533382587,-122.08914,37.4187,28.636608344549128
1533382589,-122.08962055614222,37.41904501626267,28.636608344549128
1533382591,-122.08991999999999,37.419259999999994,28.636608344549128
1533382593,-122.09039645716604,37.41960858681097,28.636608344549128
1533382595,-122.09087291654993,37.41995717362194,28.636608344549128
1533382597,-122.09134937815169,37.42030576043287,28.636608344549128
1533382599,-122.0918258419714,37.42065434724381,28.636608344549128
1533382601,-122.09223,37.42095000000001,28.636608344549128
1533382603,-122.09270955324007,37.421295907953244,28.636608344549128
1533382605,-122.09284,37.42139,28.636608344549128
1533382607,-122.0933159523323,37.421739033196424,28.636608344549128
1533382609,-122.09358999999999,37.421940000000006,28.636608344549128
1533382611,-122.0940684845928,37.422286845621926,28.636608344549128
1533382613,-122.094546971402,37.422633691243846,28.636608344549128
1533382615,-122.09502546042756,37.42298053686574,28.636608344549128
1533382617,-122.09548,37.42331,28.636608344549128
1533382619,-122.0959592875015,37.423656153374,28.636608344549128
1533382621,-122.0962,37.42383,28.636608344549128
1533382623,-122.09667235213846,37.42418211747534,28.636608344549128
1533382625,-122.09675,37.42424000000001,28.636608344549128
1533382627,-122.0972088168937,37.4246032315486,28.636608344549128
1533382629,-122.09747000000002,37.42481,28.636608344549128
1533382631,-122.09791817742462,37.425181517367896,28.636608344549128
1533382633,-122.09823000000002,37.42544,28.636608344549128
1533382635,-122.09865864531895,37.42582578253531,28.636608344549128
1533382637,-122.09893,37.42607,28.636608344549128
1533382639,-122.0993459950239,37.426464421873284,28.636608344549128
1533382641,-122.0997619922394,37.42685884374654,28.636608344549128
1533382643,-122.10017799164656,37.42725326561978,28.636608344549128
1533382645,-122.1005939932453,37.42764768749301,28.636608344549128
1533382647,-122.1010099970358,37.42804210936624,28.636608344549128
1533382649,-122.10105,37.42808,28.636608344549128
1533382651,-122.10146349206856,37.42847608552954,28.636608344549128
1533382653,-122.10187698632478,37.42887217105907,28.636608344549128
1533382655,-122.102,37.42899000000001,28.636608344549128
1533382657,-122.10241471809296,37.42938527970964,28.636608344549128
1533382659,-122.10264,37.4296,28.636608344549128
1533382661,-122.10304885162844,37.429999117143105,28.636608344549128
1533382663,-122.10306,37.430009999999996,28.636608344549128
1533382665,-122.1034736130553,37.430406012883616,28.636608344549128
1533382667,-122.10353,37.43046,28.636608344549128
1533382669,-122.10394836293163,37.430852855683796,28.636608344549128
1533382671,-122.10435,37.431230000000006,28.636608344549128
1533382673,-122.10475713019105,37.431630230954106,28.636608344549128
1533382675,-122.10494,37.43181000000001,28.636608344549128
1533382677,-122.10535670110905,37.432203972854936,28.636608344549128
1533382679,-122.10548999999999,37.43233,28.636608344549128
1533382681,-122.10590497674049,37.43272512075667,28.636608344549128
1533382683,-122.10631995567155,37.43312024151333,28.636608344549128
1533382685,-122.10673493679327,37.43351536226998,28.636608344549128
1533382687,-122.10714992010564,37.43391048302662,28.636608344549128
1533382689,-122.10736999999999,37.43412,28.636608344549128
1533382691,-122.10778166371136,37.4345173064236,28.636608344549128
1533382693,-122.10819332960794,37.43491461284717,28.636608344549128
1533382695,-122.10823,37.43495,28.636608344549128
1533382697,-122.10864099940693,37.43534774279821,28.636608344549128
1533382699,-122.10885,37.435550000000006,28.636608344549128
1533382701,-122.10926481202624,37.4359452416088,28.636608344549128
1533382703,-122.10967962624319,37.43634048321758,28.636608344549128
1533382705,-122.11009444265072,37.43673572482635,28.636608344549128
1533382707,-122.11050926124905,37.437130966435106,28.636608344549128
1533382709,-122.11092408203814,37.43752620804386,28.636608344549128
1533382711,-122.11118,37.43777,28.636608344549128
1533382713,-122.11159526843755,37.43816494748,28.636608344549128
1533382715,-122.11201053906677,37.43855989495997,28.636608344549128
1533382717,-122.11242581188759,37.43895484243996,28.636608344549128
1533382719,-122.11261,37.43913000000001,28.636608344549128
1533382721,-122.11302411627695,37.439525714411786,28.636608344549128
1533382723,-122.11343823474381,37.43992142882356,28.636608344549128
1533382725,-122.11351,37.43999,28.636608344549128
1533382727,-122.11392378842676,37.440385933699545,28.636608344549128
1533382729,-122.11433757904284,37.440781867399075,28.636608344549128
1533382731,-122.11475137184846,37.44117780109861,28.636608344549128
1533382733,-122.1149,37.44132000000001,28.636608344549128
1533382735,-122.11531341061465,37.4417161872619,28.636608344549128
1533382737,-122.11561999999999,37.442009999999996,28.636608344549128
1533382739,-122.11603508555618,37.44240508424365,28.636608344549128
1533382741,-122.11645,37.44280000000001,28.636608344549128
1533382743,-122.1168684577334,37.44319283835088,28.636608344549128
1533382745,-122.11694,37.443259999999995,28.636608344549128
1533382747,-122.11735705572056,37.44365377879013,28.636608344549128
1533382749,-122.11777411363602,37.44404755758028,28.636608344549128
1533382751,-122.1181911737465,37.44444133637039,28.636608344549128
1533382753,-122.11860823605195,37.444835115160494,28.636608344549128
1533382755,-122.11891,37.44512,28.636608344549128
1533382757,-122.1193263552243,37.44551425267987,28.636608344549128
1533382759,-122.11974271264269,37.445908505359725,28.636608344549128
1533382761,-122.12003999999999,37.44619,28.636608344549128
1533382763,-122.12045540133407,37.44658489035844,28.636608344549128
1533382765,-122.12085,37.44696,28.636608344549128
1533382767,-122.12126158895546,37.447357401368976,28.636608344549128
1533382769,-122.12167318009732,37.447754802737926,28.636608344549128
1533382771,-122.12201,37.44808,28.636608344549128
1533382773,-122.1224238887807,37.44847589706068,28.636608344549128
1533382775,-122.12283777975176,37.44887179412137,28.636608344549128
1533382777,-122.12293,37.44896,28.636608344549128
1533382779,-122.12334398757194,37.44935583516162,28.636608344549128
1533382781,-122.12375797733456,37.44975167032323,28.636608344549128
1533382783,-122.12406999999999,37.45005000000001,28.636608344549128
1533382785,-122.12448495805398,37.450445198180844,28.636608344549128
1533382787,-122.12449,37.45045,28.636608344549128
1533382789,-122.12491870882631,37.45083583840343,28.636608344549128
1533382791,-122.12499,37.4509,28.636608344549128
1533382793,-122.12543206259664,37.451276223658134,28.636608344549128
1533382795,-122.12546,37.4513,28.636608344549128
1533382797,-122.12591078567844,37.45166964454919,28.636608344549128
1533382799,-122.12596,37.45171000000001,28.636608344549128
1533382801,-122.12643365715007,37.45206116019357,28.636608344549128
1533382803,-122.12653999999999,37.45214,28.636608344549128
1533382805,-122.1270363007974,37.45247086772088,28.636608344549128
1533382807,-122.12714,37.452540000000006,28.636608344549128
1533382809,-122.12764845353529,37.45285902967666,28.636608344549128
1533382811,-122.12765000000002,37.45286,28.636608344549128
1533382813,-122.12817504208459,37.45316162392847,28.636608344549128
1533382815,-122.12870008628649,37.45346324785691,28.636608344549128
1533382817,-122.12906,37.45367,28.636608344549128
1533382819,-122.12958497045747,37.45397170872243,28.636608344549128
1533382821,-122.12993000000002,37.45417000000001,28.636608344549128
1533382823,-122.13045364350971,37.45447316224298,28.636608344549128
1533382825,-122.1305,37.4545,28.636608344549128
1533382827,-122.13102633717057,37.45480021083903,28.636608344549128
1533382829,-122.13155267645392,37.45510042167803,28.636608344549128
1533382831,-122.13185,37.45527000000001,28.636608344549128
1533382833,-122.13237881534565,37.45556745984278,28.636608344549128
1533382835,-122.13265,37.45572000000001,28.636608344549128
1533382837,-122.133170734519,37.456026315156045,28.636608344549128
1533382839,-122.13333000000002,37.45612000000001,28.636608344549128
1533382841,-122.13384028559256,37.45643720565703,28.636608344549128
1533382843,-122.13407,37.456579999999995,28.636608344549128
1533382845,-122.13458183494566,37.45689563196939,28.636608344549128
1533382847,-122.13467,37.456950000000006,28.636608344549128
1533382849,-122.13519478808836,37.457251933803136,28.636608344549128
1533382851,-122.1354,37.45737,28.636608344549128
1533382853,-122.13593100806548,37.45766500491924,28.636608344549128
1533382855,-122.13603,37.45772,28.636608344549128
1533382857,-122.13654266219356,37.458034792847016,28.636608344549128
1533382859,-122.13660000000002,37.458070000000006,28.636608344549128
1533382861,-122.13712528741866,37.458371394803905,28.636608344549128
1533382863,-122.13721,37.45842,28.636608344549128
1533382865,-122.13773074665528,37.45872632229503,28.636608344549128
1533382867,-122.13789,37.45882,28.636608344549128
1533382869,-122.13841366372593,37.45912317567737,28.636608344549128
1533382871,-122.13884000000002,37.45937,28.636608344549128
1533382873,-122.1393620568744,37.459674920959465,28.636608344549128
1533382875,-122.13988411587758,37.459979841918894,28.636608344549128
1533382877,-122.13996999999999,37.460029999999996,28.636608344549128
1533382879,-122.14049229088232,37.460334673332646,28.636608344549128
1533382881,-122.14101458389273,37.460639346665275,28.636608344549128
1533382883,-122.14129,37.460800000000006,28.636608344549128
1533382885,-122.14181008975794,37.461107042371786,28.636608344549128
1533382887,-122.14211999999999,37.46129000000001,28.636608344549128
1533382889,-122.1426405538308,37.4615965501153,28.636608344549128
1533382891,-122.14301999999999,37.46182,28.636608344549128
1533382893,-122.14354367744,37.46212318361719,28.636608344549128
1533382895,-122.14397,37.46237,28.636608344549128
1533382897,-122.14449321622844,37.46267368908038,28.636608344549128
1533382899,-122.14501643458205,37.46297737816074,28.636608344549128
1533382901,-122.1454,37.4632,28.636608344549128
1533382903,-122.1459225939508,37.46350436967688,28.636608344549128
1533382905,-122.14631,37.46373000000001,28.636608344549128
1533382907,-122.1468292652925,37.46403794195408,28.636608344549128
1533382909,-122.14734853272364,37.46434588390813,28.636608344549128
1533382911,-122.14786780229356,37.46465382586217,28.636608344549128
1533382913,-122.14803,37.46475,28.636608344549128
1533382915,-122.14855369187352,37.46505319024292,28.636608344549128
1533382917,-122.14860000000002,37.46508,28.636608344549128
1533382919,-122.14911813892859,37.46538914483795,28.636608344549128
1533382921,-122.1496362799997,37.465698289675885,28.636608344549128
1533382923,-122.14979,37.46579000000001,28.636608344549128
1533382925,-122.15031502628435,37.46609174080719,28.636608344549128
1533382927,-122.15066000000002,37.46629,28.636608344549128
1533382929,-122.15118045268581,37.46659669551502,28.636608344549128
1533382931,-122.15122,37.466620000000006,28.636608344549128
1533382933,-122.15173974342993,37.466927454739434,28.636608344549128
1533382935,-122.15193,37.46704,28.636608344549128
1533382937,-122.15244871564137,37.46734854934883,28.636608344549128
1533382939,-122.1529674334237,37.46765709869762,28.636608344549128
1533382941,-122.15308999999999,37.467729999999996,28.636608344549128
1533382943,-122.15360709787882,37.468040260281576,28.636608344549128
1533382945,-122.15393999999999,37.46824,28.636608344549128
1533382947,-122.15445709941616,37.46855026237128,28.636608344549128
1533382949,-122.15497420097859,37.46886052474254,28.636608344549128
1533382951,-122.15504,37.46890000000001,28.636608344549128
1533382953,-122.1555619303548,37.4692051291024,28.636608344549128
1533382955,-122.15568999999999,37.46928000000001,28.636608344549128
1533382957,-122.15621846289524,37.46957796496303,28.636608344549128
1533382959,-122.15663,37.469809999999995,28.636608344549128
1533382961,-122.15715607739162,37.470110616437566,28.636608344549128
1533382963,-122.15733000000002,37.470209999999994,28.636608344549128
1533382965,-122.15784892699345,37.47051834871702,28.636608344549128
1533382967,-122.15802,37.47062,28.636608344549128
1533382969,-122.15854233958048,37.47092470064202,28.636608344549128
1533382971,-122.15906468129026,37.47122940128404,28.636608344549128
1533382973,-122.1591,37.47125000000001,28.636608344549128
1533382975,-122.15962135795547,37.4715557625173,28.636608344549128
1533382977,-122.16014271804363,37.47186152503458,28.636608344549128
1533382979,-122.16043,37.47203,28.636608344549128
1533382981,-122.16094996804588,37.47233725550864,28.636608344549128
1533382983,-122.16131,37.47255000000001,28.636608344549128
1533382985,-122.16182711994577,37.472860272121025,28.636608344549128
1533382987,-122.16186,37.472879999999996,28.636608344549128
1533382989,-122.16238268196092,37.4731843476808,28.636608344549128
1533382991,-122.16265,37.47334,28.636608344549128
1533382993,-122.16317113644584,37.473646015915186,28.636608344549128
1533382995,-122.16369227502537,37.47395203183036,28.636608344549128
1533382997,-122.16421341573867,37.47425804774552,28.636608344549128
1533382999,-122.16473455858579,37.47456406366066,28.636608344549128
1533383001,-122.1652557035668,37.474870079575794,28.636608344549128
1533383003,-122.16546,37.47499000000001,28.636608344549128
1533383005,-122.16598172176657,37.47529539947646,28.636608344549128
1533383007,-122.16628,37.47547,28.636608344549128
1533383009,-122.1668006903177,37.47577650974617,28.636608344549128
1533383011,-122.16732138277088,37.47608301949232,28.636608344549128
1533383013,-122.16769,37.4763,28.636608344549128
1533383015,-122.16820713560672,37.4766102829186,28.636608344549128
1533383017,-122.16854,37.47681,28.636608344549128
1533383019,-122.16906297471769,37.47711406053786,28.636608344549128
1533383021,-122.1695859515632,37.47741812107571,28.636608344549128
1533383023,-122.17010893053656,37.47772218161353,28.636608344549128
1533383025,-122.17026,37.47781000000001,28.636608344549128
1533383027,-122.17078475111822,37.47811213453925,28.636608344549128
1533383029,-122.17130950435808,37.478414269078456,28.636608344549128
1533383031,-122.17183425971962,37.478716403617675,28.636608344549128
1533383033,-122.17191,37.47876,28.636608344549128
1533383035,-122.17243017021237,37.479067089869424,28.636608344549128
1533383037,-122.17273999999999,37.47925,28.636608344549128
1533383039,-122.17325873670643,37.47955861676832,28.636608344549128
1533383041,-122.17353,37.47972,28.636608344549128
1533383043,-122.17405375825848,37.480023232139025,28.636608344549128
1533383045,-122.17457751864242,37.48032646427804,28.636608344549128
1533383047,-122.17486,37.48049,28.636608344549128
1533383049,-122.17538215256592,37.48079497685153,28.636608344549128
1533383051,-122.175904307263,37.48109995370303,28.636608344549128
1533383053,-122.17599,37.48115,28.636608344549128
1533383055,-122.17651084887045,37.481456382421705,28.636608344549128
1533383057,-122.17667000000002,37.48155000000001,28.636608344549128
1533383059,-122.1771984352037,37.4818480927797,28.636608344549128
1533383061,-122.17745,37.48199,28.636608344549128
1533383063,-122.17798649846749,37.4822788842831,28.636608344549128
1533383065,-122.1781,37.48234,28.636608344549128
1533383067,-122.178656712055,37.48260370576363,28.636608344549128
1533383069,-122.17867,37.48261,28.636608344549128
1533383071,-122.17923931057057,37.48285618900753,28.636608344549128
1533383073,-122.17941,37.482929999999996,28.636608344549128
1533383075,-122.17998628495405,37.48316575324712,28.636608344549128
1533383077,-122.18007,37.4832,28.636608344549128
1533383079,-122.1806440381737,37.48343918312013,28.636608344549128
1533383081,-122.18079000000002,37.48350000000001,28.636608344549128
1533383083,-122.18138871581301,37.483697449990466,28.636608344549128
1533383085,-122.18173000000002,37.48381000000001,28.636608344549128
1533383087,-122.18233302896543,37.483999009302025,28.636608344549128
1533383089,-122.18240000000002,37.48402,28.636608344549128
1533383091,-122.18300363162187,37.484207797490214,28.636608344549128
1533383093,-122.18330000000002,37.48430000000001,28.636608344549128
1533383095,-122.18391274065942,37.48446820462157,28.636608344549128
1533383097,-122.18432,37.48458,28.636608344549128
1533383099,-122.18493679525692,37.48473860475632,28.636608344549128
1533383101,-122.18502,37.484759999999994,28.636608344549128
1533383103,-122.18564162145478,37.484906264051496,28.636608344549128
1533383105,-122.1857,37.48492,28.636608344549128
1533383107,-122.1863270006552,37.48505101519166,28.636608344549128
1533383109,-122.18637,37.48506,28.636608344549128
1533383111,-122.18699871377872,37.48518574326721,28.636608344549128
1533383113,-122.18717,37.48522000000001,28.636608344549128
1533383115,-122.18780131783701,37.4853372449439,28.636608344549128
1533383117,-122.18786999999999,37.48535,28.636608344549128
1533383119,-122.18850757926941,37.48544351194886,28.636608344549128
1533383121,-122.18862,37.485459999999996,28.636608344549128
1533383123,-122.18925954447502,37.485544645707385,28.636608344549128
1533383125,-122.1893,37.48555,28.636608344549128
1533383127,-122.18994047987354,37.485630072448046,28.636608344549128
1533383129,-122.19058096043352,37.48571014489609,28.636608344549128
1533383131,-122.19122144168001,37.48579021734414,28.636608344549128
1533383133,-122.19186192361292,37.48587028979217,28.636608344549128
1533383135,-122.19250240623242,37.48595036224021,28.636608344549128
1533383137,-122.19314288953831,37.486030434688224,28.636608344549128
1533383139,-122.1937833735307,37.48611050713625,28.636608344549128
1533383141,-122.19434,37.48618,28.636608344549128
1533383143,-122.19498024897469,37.48626125364119,28.636608344549128
1533383145,-122.19562049864572,37.48634250728238,28.636608344549128
1533383147,-122.19626074901316,37.486423760923564,28.636608344549128
1533383149,-122.19631,37.48643000000001,28.636608344549128
1533383151,-122.1969500406412,37.48651229110979,28.636608344549128
1533383153,-122.19701,37.48652000000001,28.636608344549128
1533383155,-122.19765031009376,37.48660096433229,28.636608344549128
1533383157,-122.19829062088144,37.48668192866457,28.636608344549128
1533383159,-122.19893093236313,37.48676289299684,28.636608344549128
1533383161,-122.19957124453873,37.4868438573291,28.636608344549128
1533383163,-122.19962,37.48685,28.636608344549128
1533383165,-122.20026055048844,37.486929772356035,28.636608344549128
1533383167,-122.20090110166092,37.48700954471207,28.636608344549128
1533383169,-122.20154165351738,37.4870893170681,28.636608344549128
1533383171,-122.20218220605784,37.48716908942412,28.636608344549128
1533383173,-122.20227,37.48718,28.636608344549128
1533383175,-122.2029111607888,37.48725663804225,28.636608344549128
1533383177,-122.20355232223534,37.4873332760845,28.636608344549128
1533383179,-122.2041934843397,37.48740991412672,28.636608344549128
1533383181,-122.20478,37.48748000000001,28.636608344549128
1533383183,-122.20542035786356,37.48756076718808,28.636608344549128
1533383185,-122.20589,37.48762,28.636608344549128
1533383187,-122.20653124953634,37.4876961891049,28.636608344549128
1533383189,-122.2069,37.48774,28.636608344549128
1533383191,-122.20753654489948,37.48783793189806,28.636608344549128
1533383193,-122.20817309063341,37.48793586379612,28.636608344549128
1533383195,-122.2082,37.48794,28.636608344549128
1533383197,-122.20883155911535,37.488056502371116,28.636608344549128
1533383199,-122.20923,37.48813000000001,28.636608344549128
1533383201,-122.2098587379835,37.48825574840677,28.636608344549128
1533383203,-122.21013,37.48831000000001,28.636608344549128
1533383205,-122.21075333919993,37.48845166811209,28.636608344549128
1533383207,-122.21078999999999,37.488459999999996,28.636608344549128
1533383209,-122.21140843619465,37.48861460974075,28.636608344549128
1533383211,-122.21163,37.488670000000006,28.636608344549128
1533383213,-122.21224319737884,37.48883723614971,28.636608344549128
1533383215,-122.21240000000002,37.48888,28.636608344549128
1533383217,-122.21300486530993,37.489065361999906,28.636608344549128
1533383219,-122.21302,37.48907000000001,28.636608344549128
1533383221,-122.21362145759815,37.489262219644885,28.636608344549128
1533383223,-122.21399,37.48938,28.636608344549128
1533383225,-122.21458288809922,37.48958831254655,28.636608344549128
1533383227,-122.21473,37.48964,28.636608344549128
1533383229,-122.21531677325152,37.48985894553993,28.636608344549128
1533383231,-122.21540000000002,37.48989,28.636608344549128
1533383233,-122.21598065336224,37.49011899053124,28.636608344549128
1533383235,-122.21611,37.490170000000006,28.636608344549128
1533383237,-122.21667902312196,37.49041669077083,28.636608344549128
1533383239,-122.21724804812315,37.49066338154165,28.636608344549128
1533383241,-122.21781707500368,37.49091007231245,28.636608344549128
1533383243,-122.21784,37.49092,28.636608344549128
1533383245,-122.2184041313331,37.491173673409186,28.636608344549128
1533383247,-122.21896826458214,37.49142734681836,28.636608344549128
1533383249,-122.21933,37.49159,28.636608344549128
1533383251,-122.21989572645849,37.49184143423096,28.636608344549128
1533383253,-122.21996,37.49187000000001,28.636608344549128
1533383255,-122.22052783342156,37.49211842924679,28.636608344549128
1533383257,-122.22108,37.49236000000001,28.636608344549128
1533383259,-122.22164532333336,37.49261201263513,28.636608344549128
1533383261,-122.22191,37.49273,28.636608344549128
1533383263,-122.22247532546196,37.492982013584026,28.636608344549128
1533383265,-122.22274000000002,37.49310000000001,28.636608344549128
1533383267,-122.22331015704094,37.493345069673,28.636608344549128
1533383269,-122.22388,37.49359000000001,28.636608344549128
1533383271,-122.22446350603659,37.493814426109,28.636608344549128
1533383273,-122.22466,37.49389,28.636608344549128
1533383275,-122.22524813897765,37.494106683390896,28.636608344549128
1533383277,-122.22542,37.49417,28.636608344549128
1533383279,-122.22601923318486,37.49436662352693,28.636608344549128
1533383281,-122.22606,37.49438,28.636608344549128
1533383283,-122.22666351864213,37.494568195072134,28.636608344549128
1533383285,-122.22699,37.494670000000006,28.636608344549128
1533383287,-122.22759984778564,37.49484488525265,28.636608344549128
1533383289,-122.2282096969994,37.49501977050527,28.636608344549128
1533383291,-122.22835,37.495059999999995,14.147058823529413
1533383293,-122.22860313593162,37.49521577597407,14.147058823529413
1533383295,-122.22861,37.49522,14.147058823529413
1533383297,-122.22891160253454,37.495305683461936,14.147058823529413
1533383299,-122.22921320541508,37.49539136692388,14.147058823529413
1533383301,-122.22949,37.49547000000001,14.147058823529413
1533383303,-122.2297841736812,37.495570638510586,14.147058823529413
1533383305,-122.22986999999999,37.4956,14.147058823529413
1533383307,-122.230158926301,37.49570979236931,14.147058823529413
1533383309,-122.23037,37.49579000000001,14.147058823529413
1533383311,-122.23066086881,37.495896516071575,14.147058823529413
1533383313,-122.23095173803485,37.496003032143115,14.147058823529413
1533383315,-122.23108,37.49605,14.147058823529413
1533383317,-122.23134241971366,37.49619578874639,14.147058823529413
1533383319,-122.23135,37.4962,14.147058823529413
1533383321,-122.23153793851809,37.496405837508654,14.147058823529413
1533383323,-122.23156000000002,37.49643,14.147058823529413
1533383325,-122.23163998886776,37.496676120117066,14.147058823529413
1533383327,-122.23169,37.496829999999996,14.147058823529413
1533383329,-122.23180401397751,37.49706752916237,14.147058823529413
1533383331,-122.23181,37.49708,14.147058823529413
1533383333,-122.2320572254247,37.49724164742448,14.147058823529413
1533383335,-122.23207,37.49725,14.147058823529413
1533383337,-122.23235666522908,37.497363472003066,14.147058823529413
1533383339,-122.23255,37.49744000000001,5.752808988764046
1533383341,-122.23260379161673,37.497345865707615,5.752808988764046
1533383343,-122.23265758316565,37.497251731415226,5.752808988764046
1533383345,-122.23271137464673,37.49715759712283,5.752808988764046
1533383347,-122.23276516606,37.49706346283044,5.752808988764046
1533383349,-122.23281895740548,37.49696932853804,5.752808988764046
1533383351,-122.23287274868314,37.49687519424566,5.752808988764046
1533383353,-122.23292653989296,37.49678105995326,5.752808988764046
1533383355,-122.23298033103498,37.49668692566085,5.752808988764046
1533383357,-122.23303,37.4966,5.752808988764046
1533383359,-122.2330753534144,37.49650310913214,5.752808988764046
1533383361,-122.23312070676997,37.496406218264276,5.752808988764046
1533383363,-122.23316606006664,37.49630932739643,5.752808988764046
1533383365,-122.2332114133045,37.49621243652858,5.752808988764046
1533383367,-122.23325,37.49613,5.752808988764046
1533383369,-122.23329257869484,37.49603231987005,5.752808988764046
1533383371,-122.23333515733394,37.49593463974009,5.752808988764046
1533383373,-122.23337773591743,37.49583695961013,5.752808988764046
1533383375,-122.23342,37.49574000000001,5.752808988764046
1533383377,-122.23347044868171,37.49564470814946,5.752808988764046
1533383379,-122.23351,37.49557,5.752808988764046
1533383381,-122.23357551300957,37.49548066416274,5.752808988764046
1533383383,-122.23362000000002,37.49542,5.752808988764046
1533383385,-122.2336851071792,37.495330477657205,5.752808988764046
1533383387,-122.2337,37.495309999999996,5.752808988764046
1533383389,-122.23376661572443,37.495221179077774,5.752808988764046
1533383391,-122.23379,37.49519,5.752808988764046
1533383393,-122.23386620614521,37.495106173277286,5.752808988764046
1533383395,-122.23389000000002,37.49508,5.752808988764046
1533383397,-122.23398379543181,37.49500827416766,5.752808988764046
1533383399,-122.23406,37.49495,5.752808988764046
1533383401,-122.2341533991545,37.49487794951568,5.752808988764046
1533383403,-122.23424679821886,37.494805899031384,5.752808988764046
1533383405,-122.23434019719306,37.49473384854706,5.752808988764046
1533383407,-122.23441,37.494679999999995,5.752808988764046
1533383409,-122.23451121516894,37.49461493314398,5.752808988764046
1533383411,-122.23455,37.49459,5.752808988764046
1533383413,-122.23464884053648,37.49452267444673,5.752808988764046
1533383415,-122.23474768098384,37.49445534889344,5.752808988764046
1533383417,-122.23484652134209,37.49438802334016,5.752808988764046
1533383419,-122.2349453616113,37.49432069778689,5.752808988764046
1533383421,-122.23504420179131,37.494253372233615,5.752808988764046
1533383423,-122.23514304188228,37.49418604668035,5.752808988764046
1533383425,-122.23523999999999,37.49412,5.752808988764046
1533383427,-122.23533221509348,37.494046996556115,5.752808988764046
1533383429,-122.23542443009684,37.49397399311224,5.752808988764046
1533383431,-122.23548,37.49393000000001,5.752808988764046
1533383433,-122.23557545355436,37.49385966590572,5.752808988764046
1533383435,-122.23567,37.49379,5.752808988764046
1533383437,-122.23576802400385,37.49372192804914,5.752808988764046
1533383439,-122.23586604791836,37.49365385609828,5.752808988764046
1533383441,-122.23596407174351,37.49358578414742,5.752808988764046
1533383443,-122.23603,37.49354,5.752808988764046
1533383445,-122.23612602872021,37.49347016094593,5.752808988764046
1533383447,-122.23613999999999,37.493460000000006,5.752808988764046
1533383449,-122.23623662609701,37.49339068166814,5.752808988764046
1533383451,-122.23633325210436,37.49332136333627,5.752808988764046
1533383453,-122.23642987802202,37.493252045004404,5.752808988764046
1533383455,-122.23652650385004,37.493182726672536,5.752808988764046
1533383457,-122.2366,37.49313,5.752808988764046
1533383459,-122.23669504909384,37.49305932279439,5.752808988764046
1533383461,-122.23679009809773,37.492988645588774,5.752808988764046
1533383463,-122.23688514701166,37.49291796838315,5.752808988764046
1533383465,-122.23698019583564,37.49284729117754,5.752808988764046
1533383467,-122.23698999999999,37.49284,5.752808988764046
1533383469,-122.23708302483726,37.49276764744844,5.752808988764046
1533383471,-122.23716999999999,37.492700000000006,5.752808988764046
1533383473,-122.23725780278806,37.49262364992854,5.752808988764046
1533383475,-122.23734560548637,37.49254729985708,5.752808988764046
1533383477,-122.2374,37.4925,5.752808988764046
1533383479,-122.23749531541347,37.492429549624994,5.752808988764046
1533383481,-122.23759063073703,37.49235909924997,5.752808988764046
1533383483,-122.23763,37.492329999999995,5.752808988764046
1533383485,-122.2377275762143,37.492261525961844,5.752808988764046
1533383487,-122.23782515233916,37.49219305192369,5.752808988764046
1533383489,-122.23792272837454,37.492124577885534,5.752808988764046
1533383491,-122.23802030432044,37.49205610384737,5.752808988764046
1533383493,-122.23811788017694,37.49198762980921,5.752808988764046
1533383495,-122.2382,37.491929999999996,5.752808988764046
1533383497,-122.23829768291802,37.49186162227559,5.752808988764046
1533383499,-122.23839536574656,37.491793244551175,5.752808988764046
1533383501,-122.23849304848574,37.49172486682675,5.752808988764046
1533383503,-122.23859073113545,37.49165648910233,5.752808988764046
1533383505,-122.2386,37.49165,5.752808988764046
1533383507,-122.23869602747459,37.49158016197114,5.752808988764046
1533383509,-122.23879205485935,37.491510323942286,5.752808988764046
1533383511,-122.23881999999999,37.49149000000001,5.752808988764046
1533383513,-122.23891566252348,37.4914198475421,5.752808988764046
1533383515,-122.23897,37.49138000000001,5.752808988764046
1533383517,-122.2390549120958,37.49130161966368,5.752808988764046
1533383519,-122.2391,37.49126,5.752808988764046
1533383521,-122.23917827021135,37.49117738159588,5.752808988764046
1533383523,-122.23925654033616,37.49109476319174,5.752808988764046
1533383525,-122.23928,37.49107,5.752808988764046
1533383527,-122.23935811551549,37.49098728959222,5.752808988764046
1533383529,-122.23943623094442,37.49090457918444,5.752808988764046
1533383531,-122.23945,37.49089,5.752808988764046
1533383533,-122.23952570080866,37.490805888012794,5.752808988764046
1533383535,-122.23953999999999,37.49079,5.752808988764046
1533383537,-122.23961696981723,37.49070661628135,5.752808988764046
1533383539,-122.23969393954854,37.490623232562704,5.752808988764046
1533383541,-122.23977090919395,37.49053984884406,5.752808988764046
1533383543,-122.23978,37.49053,6.3375
1533383545,-122.23978758017023,37.49041629750165,6.3375
1533383547,-122.23979,37.49038,6.3375
1533383549,-122.23969419871277,37.49029522802125,6.3375
1533383551,-122.23959839753422,37.4902104560425,6.3375
1533383553,-122.23950259646436,37.49012568406374,6.3375
1533383555,-122.23940679550327,37.49004091208498,6.3375
1533383557,-122.23931099465084,37.48995614010622,6.3375
1533383559,-122.23921519390724,37.48987136812747,6.3375
1533383561,-122.23911939327229,37.48978659614872,6.3375
1533383563,-122.23902359274608,37.48970182416997,6.3375
1533383565,-122.23892779232858,37.48961705219122,6.3375
1533383567,-122.23883199201981,37.48953228021247,6.3375
1533383569,-122.23873619181973,37.48944750823371,6.3375
1533383571,-122.23864039172838,37.48936273625496,6.3375
1533383573,-122.23854459174578,37.489277964276205,6.3375
1533383575,-122.23844879187185,37.489193192297456,6.3375
1533383577,-122.2384,37.48915,6.3375
1533383579,-122.23830608450204,37.489063910831455,6.3375
1533383581,-122.23828,37.48904,6.3375
1533383583,-122.23818538399792,37.488954395211366,6.3375
1533383585,-122.23809076810427,37.48886879042274,6.3375
1533383587,-122.23807,37.488850000000006,6.3375
1533383589,-122.23797251760412,37.48876644477346,6.3375
1533383591,-122.23787503531729,37.48868288954692,6.3375
1533383593,-122.2377775531395,37.488599334320384,6.3375
1533383595,-122.23768007107071,37.48851577909383,6.3375
1533383597,-122.23758258911094,37.488432223867285,6.3375
1533383599,-122.23748510726023,37.48834866864074,6.3375
1533383601,-122.23738762551851,37.48826511341419,6.3375
1533383603,-122.23729014388584,37.48818155818765,6.3375
1533383605,-122.23719266236223,37.4880980029611,6.3375
1533383607,-122.23716,37.48807,6.3375
1533383609,-122.23706240300623,37.4879865297924,6.3375
1533383611,-122.23696480612159,37.487903059584816,6.3375
1533383613,-122.23686720934595,37.48781958937722,6.3375
1533383615,-122.23676961267937,37.48773611916962,6.3375
1533383617,-122.23667201612189,37.487652648962026,6.3375
1533383619,-122.2365744196734,37.48756917875443,6.3375
1533383621,-122.236476823334,37.48748570854684,6.3375
1533383623,-122.2364,37.48742,6.3375
1533383625,-122.23630198707895,37.48733683783643,6.3375
1533383627,-122.23620397426694,37.48725367567287,6.3375
1533383629,-122.23610596156408,37.487170513509305,6.3375
1533383631,-122.23607,37.48714,5.0
1533383633,-122.23615141642703,37.48707758095429,5.0
1533383635,-122.23623283278609,37.48701516190858,5.0
1533383637,-122.23631424907705,37.48695274286287,5.0
1533383639,-122.23637,37.486909999999995,5.0
1533383641,-122.2364517141258,37.486847826578455,5.0
1533383643,-122.23653342818358,37.48678565315692,5.0
1533383645,-122.2366151421733,37.486723479735375,5.0
1533383647,-122.23669685609508,37.48666130631384,5.0
1533383649,-122.23677856994884,37.4865991328923,5.0
1533383651,-122.23683,37.48656,5.0
1533383653,-122.23690924712808,37.48649584769756,5.0
1533383655,-122.2369884941881,37.48643169539512,5.0
1533383657,-122.23704,37.48639,5.0
1533383659,-122.23711806782323,37.486324943778,5.0
1533383661,-122.23719613557849,37.486259887556,5.0
1533383663,-122.23727420326573,37.486194831334,5.0
1533383665,-122.23735227088495,37.48612977511201,5.0
1533383667,-122.2374,37.48609,2.8936170212765964
1533383669,-122.23744869410132,37.48605521851053,2.8936170212765964
1533383671,-122.23747000000002,37.48604,2.8936170212765964
1533383673,-122.23742386201036,37.48600308961057,2.8936170212765964
1533383675,-122.23742,37.486,2.8936170212765964
1533383677,-122.23738386301682,37.48595663563192,2.8936170212765964
1533383679,-122.23737,37.48594000000001,2.8936170212765964
1533383681,-122.23734943343356,37.48589064028964,2.8936170212765964
1533383683,-122.23732886688072,37.48584128057928,2.8936170212765964
1533383685,-122.23732,37.48582,2.8936170212765964
1533383687,-122.23730213645563,37.485769982138464,2.8936170212765964
1533383689,-122.23728427292326,37.4857199642769,2.8936170212765964
1533383691,-122.23727,37.48568,2.8936170212765964
1533383693,-122.23725599026682,37.48562921488353,2.8936170212765964
1533383695,-122.2372419805431,37.485578429767045,2.8936170212765964
1533383697,-122.23722797082894,37.48552764465057,2.8936170212765964
1533383699,-122.23721396112428,37.48547685953409,2.8936170212765964
1533383701,-122.23719995142916,37.48542607441762,2.8936170212765964
1533383703,-122.23719,37.48539,2.8936170212765964
1533383705,-122.23715769429195,37.485344772075315,2.8936170212765964
1533383707,-122.23712538860345,37.48529954415061,2.8936170212765964
1533383709,-122.23709308293449,37.48525431622594,2.8936170212765964
1533383711,-122.23709,37.48525,2.8936170212765964
1533383713,-122.23704927587063,37.48520927591312,2.8936170212765964
1533383715,-122.2370085517635,37.48516855182625,2.8936170212765964
1533383717,-122.23698999999999,37.48515,2.8936170212765964
1533383719,-122.2369522373226,37.485107517021696,2.8936170212765964
1533383721,-122.2369144746667,37.48506503404338,2.8936170212765964
1533383723,-122.23691,37.48506,2.8936170212765964
1533383725,-122.23686927593708,37.48501927593653,2.8936170212765964
